crop,microzone,soil_type,season,nitrogen,phosphorus,potassium,ph,organic_carbon,temperature_avg,temperature_min,temperature_max,humidity_avg,rainfall,rainfall_probability,forecast_rainfall,historical_seasonal_rainfall,wind_speed
sugarcane,well_irrigated,deep_black_vertisol,annual,198.3,87.3,125.8,7.8,0.47,29.21,22.88,34.79,76.27,1550.77,100.0,111.6,1339.9,13.8
sugarcane,well_irrigated,deep_black_vertisol,kharif,225.6,87.5,102.0,7.86,0.6,26.33,18.89,32.01,61.63,2354.0,100.0,246.4,2216.0,15.7
sugarcane,well_irrigated,medium_clay_loam,annual,204.1,83.9,126.6,8.15,0.49,28.74,23.01,36.76,70.63,1687.15,100.0,192.6,1802.2,12.5
sugarcane,well_irrigated,medium_clay_loam,annual,199.6,61.6,109.5,7.75,0.52,31.8,25.37,37.92,73.57,1626.83,100.0,74.8,1864.5,14.4
sugarcane,canal_command,medium_clay_loam,kharif,209.3,60.5,101.9,8.04,0.65,30.24,21.54,37.85,82.87,2265.03,100.0,211.8,2377.8,11.6
sugarcane,well_irrigated,medium_clay_loam,kharif,268.7,76.5,97.2,8.04,0.64,29.93,21.85,36.9,73.07,1884.79,100.0,91.7,1619.8,8.2
sugarcane,canal_command,medium_clay_loam,annual,236.3,84.3,98.4,7.94,0.58,27.42,18.65,34.82,77.37,2292.42,100.0,175.4,2098.8,13.0
sugarcane,well_irrigated,medium_clay_loam,kharif,233.9,88.3,143.8,7.69,0.48,27.6,20.89,35.87,81.52,1506.26,100.0,110.5,1380.7,12.1
sugarcane,well_irrigated,medium_clay_loam,annual,204.4,65.9,103.1,7.9,0.55,26.45,20.44,32.44,77.41,2141.04,100.0,91.3,2041.5,9.2
sugarcane,canal_command,medium_clay_loam,annual,194.5,77.1,149.1,7.62,0.62,31.33,25.38,39.24,69.19,2069.08,100.0,171.4,1814.8,13.1
sugarcane,canal_command,medium_clay_loam,annual,230.8,84.4,141.5,7.69,0.51,30.98,22.74,37.37,62.4,2346.47,100.0,220.7,2512.0,11.2
sugarcane,canal_command,deep_black_vertisol,kharif,267.7,69.0,129.6,8.14,0.59,29.71,23.74,35.08,82.43,2310.38,100.0,155.1,2205.9,13.1
sugarcane,well_irrigated,deep_black_vertisol,kharif,265.6,74.2,143.3,8.17,0.68,31.5,23.82,38.82,69.31,2346.12,100.0,185.0,2309.8,15.8
sugarcane,canal_command,medium_clay_loam,annual,251.2,68.3,109.5,8.07,0.61,31.94,24.31,39.22,62.34,1830.94,100.0,109.0,2090.8,10.1
sugarcane,canal_command,medium_clay_loam,annual,270.6,75.2,111.0,7.98,0.62,32.05,26.13,39.05,74.3,2191.7,100.0,136.7,2443.8,8.3
sugarcane,canal_command,deep_black_vertisol,kharif,272.8,75.0,148.0,8.27,0.66,28.06,21.52,36.47,67.92,1652.54,100.0,189.9,1749.7,12.5
sugarcane,well_irrigated,medium_clay_loam,kharif,200.9,83.5,111.5,7.63,0.52,28.26,19.86,33.8,77.72,1997.54,100.0,177.6,1746.8,10.4
sugarcane,canal_command,medium_clay_loam,annual,259.8,82.7,132.1,8.12,0.67,28.37,21.86,33.74,74.46,1532.35,100.0,127.8,1434.2,11.7
sugarcane,well_irrigated,medium_clay_loam,kharif,205.0,61.4,108.2,7.88,0.53,31.8,25.71,40.66,71.43,2257.82,100.0,115.3,2009.1,9.6
sugarcane,well_irrigated,medium_clay_loam,kharif,212.3,87.8,106.2,7.8,0.47,26.18,17.33,34.52,77.4,1868.06,100.0,98.1,1728.1,9.4
sugarcane,well_irrigated,medium_clay_loam,kharif,198.3,92.7,128.3,7.87,0.61,29.05,21.13,34.24,74.15,1642.78,100.0,78.1,1549.8,9.0
sugarcane,well_irrigated,deep_black_vertisol,kharif,227.4,63.4,119.5,7.83,0.49,29.04,22.44,36.5,75.88,1540.77,100.0,138.8,1542.2,11.0
sugarcane,well_irrigated,deep_black_vertisol,annual,248.4,81.6,146.6,8.25,0.67,30.45,22.25,38.16,74.33,1615.65,100.0,170.7,1689.1,14.5
sugarcane,well_irrigated,deep_black_vertisol,annual,186.9,63.5,91.1,7.48,0.62,26.5,20.22,34.88,60.58,2233.02,100.0,110.4,2364.8,10.3
sugarcane,canal_command,deep_black_vertisol,annual,183.9,74.6,148.1,7.89,0.56,29.98,22.68,37.91,63.19,1725.01,100.0,101.9,1818.1,12.6
sugarcane,canal_command,deep_black_vertisol,annual,190.3,91.6,120.3,8.14,0.53,32.27,25.71,37.31,82.63,1582.16,100.0,183.5,1796.0,10.6
sugarcane,well_irrigated,deep_black_vertisol,annual,188.3,63.2,126.1,7.9,0.5,32.62,24.5,38.08,83.27,2376.82,100.0,279.3,2510.9,16.0
sugarcane,well_irrigated,deep_black_vertisol,kharif,190.1,62.9,132.1,7.47,0.66,30.94,25.62,36.28,84.67,1836.84,100.0,192.9,2083.3,11.0
sugarcane,canal_command,medium_clay_loam,annual,215.0,84.8,118.9,7.74,0.63,27.74,21.42,34.48,66.34,1864.68,100.0,197.3,2001.3,12.6
sugarcane,canal_command,medium_clay_loam,annual,276.2,73.1,107.1,8.18,0.51,32.74,27.69,41.62,61.08,2302.03,100.0,274.9,2007.7,12.2
sugarcane,canal_command,medium_clay_loam,annual,187.5,65.8,103.0,7.67,0.7,30.88,24.34,38.83,82.88,2362.83,100.0,158.0,2128.7,8.5
sugarcane,well_irrigated,medium_clay_loam,kharif,215.3,80.4,94.7,8.28,0.7,30.89,23.74,37.13,80.34,2116.26,100.0,238.9,2321.0,9.3
sugarcane,canal_command,medium_clay_loam,kharif,238.1,92.2,95.0,8.19,0.59,27.15,20.51,35.26,72.01,2386.76,100.0,253.8,2436.2,11.0
sugarcane,well_irrigated,deep_black_vertisol,annual,221.5,69.6,93.4,8.18,0.65,33.0,24.01,40.22,79.22,2350.29,100.0,140.5,2315.4,14.8
sugarcane,canal_command,deep_black_vertisol,kharif,207.5,67.3,142.7,8.08,0.46,27.88,22.79,34.87,71.91,2248.23,100.0,165.6,2440.2,10.5
sugarcane,well_irrigated,deep_black_vertisol,kharif,201.3,64.8,90.9,7.72,0.6,28.75,22.0,37.36,68.71,1962.59,100.0,140.8,2034.5,14.3
sugarcane,canal_command,deep_black_vertisol,annual,259.6,76.1,140.5,8.09,0.47,26.32,18.84,32.71,65.23,2021.68,100.0,175.4,1961.2,10.7
sugarcane,well_irrigated,medium_clay_loam,kharif,198.2,72.1,143.8,7.83,0.62,27.21,21.44,32.37,64.22,1750.73,100.0,82.5,1551.5,9.4
sugarcane,well_irrigated,medium_clay_loam,annual,269.4,64.5,109.8,7.69,0.47,29.37,21.62,36.41,63.92,1839.56,100.0,152.5,2073.6,8.0
sugarcane,well_irrigated,medium_clay_loam,kharif,216.9,76.2,134.8,7.43,0.51,30.99,22.41,38.04,73.3,1596.45,100.0,131.9,1473.1,11.6
sugarcane,canal_command,deep_black_vertisol,annual,198.2,79.7,140.4,7.48,0.58,27.63,21.26,34.53,68.88,2083.94,100.0,176.3,2138.0,11.8
sugarcane,canal_command,medium_clay_loam,kharif,208.4,72.7,128.8,7.91,0.54,32.91,25.48,38.85,62.54,1637.57,100.0,86.6,1483.6,10.0
sugarcane,well_irrigated,deep_black_vertisol,kharif,185.6,89.5,93.1,7.42,0.62,32.98,24.39,40.28,82.93,1504.77,100.0,159.0,1603.4,15.8
sugarcane,well_irrigated,medium_clay_loam,annual,208.0,86.9,101.2,7.69,0.56,29.55,23.58,35.01,75.27,1759.77,100.0,92.1,1749.8,12.6
sugarcane,canal_command,deep_black_vertisol,annual,216.9,75.9,122.9,7.89,0.5,30.79,25.44,36.35,60.07,1605.03,100.0,77.9,1773.9,11.8
sugarcane,well_irrigated,medium_clay_loam,kharif,192.4,85.6,146.3,7.56,0.47,31.19,23.89,39.56,63.49,2215.74,100.0,117.6,1992.6,9.6
sugarcane,canal_command,deep_black_vertisol,annual,243.4,91.8,109.0,7.93,0.62,29.16,21.31,37.76,75.6,1985.8,100.0,141.6,2004.8,11.5
sugarcane,well_irrigated,medium_clay_loam,annual,242.4,64.1,146.4,7.96,0.53,26.97,18.8,34.46,73.34,2304.5,100.0,120.1,2174.3,14.3
sugarcane,canal_command,deep_black_vertisol,annual,194.3,67.2,132.8,7.84,0.64,26.72,19.57,33.24,71.43,2043.56,100.0,148.6,2210.2,12.0
sugarcane,canal_command,deep_black_vertisol,annual,249.4,79.0,105.1,7.71,0.5,32.36,25.03,38.96,71.55,2352.56,100.0,204.4,2356.7,9.2
sugarcane,canal_command,deep_black_vertisol,annual,252.6,80.8,96.1,8.23,0.65,26.16,18.56,34.25,69.36,1562.03,100.0,85.8,1720.2,8.6
sugarcane,canal_command,medium_clay_loam,annual,231.9,80.7,113.9,7.45,0.53,31.62,26.6,37.95,69.95,1983.66,100.0,134.3,1892.6,15.4
sugarcane,canal_command,deep_black_vertisol,kharif,238.7,61.1,144.8,7.62,0.59,27.16,22.02,33.4,79.51,1749.83,100.0,206.6,1728.3,9.8
sugarcane,well_irrigated,medium_clay_loam,kharif,188.5,94.9,120.1,7.94,0.47,31.25,25.41,39.84,65.13,1671.62,100.0,130.0,1704.1,8.3
sugarcane,canal_command,medium_clay_loam,kharif,251.4,78.5,122.1,7.83,0.57,31.36,25.95,37.69,61.89,2177.92,100.0,226.6,2490.8,10.2
sugarcane,well_irrigated,deep_black_vertisol,kharif,245.9,60.9,103.3,7.61,0.62,26.14,20.72,34.34,64.46,2087.47,100.0,100.1,1926.6,9.9
sugarcane,well_irrigated,medium_clay_loam,kharif,260.7,93.7,146.7,7.53,0.55,28.27,22.92,35.8,78.4,2263.32,100.0,218.0,2542.1,9.0
sugarcane,well_irrigated,deep_black_vertisol,annual,205.9,73.3,125.4,7.64,0.61,28.87,21.66,35.61,67.36,2353.61,100.0,120.5,2613.8,14.1
sugarcane,canal_command,medium_clay_loam,kharif,227.1,66.4,119.1,7.86,0.64,30.89,24.28,36.76,76.13,1879.53,100.0,177.9,2061.4,9.1
sugarcane,canal_command,medium_clay_loam,kharif,237.7,69.6,123.3,7.99,0.66,27.44,22.4,32.99,82.5,2286.5,100.0,201.3,2399.7,12.8
sugarcane,well_irrigated,deep_black_vertisol,annual,263.8,74.2,136.3,7.78,0.54,32.71,26.97,38.07,79.27,1561.42,100.0,152.6,1613.1,14.7
sugarcane,well_irrigated,deep_black_vertisol,kharif,246.4,92.8,134.0,7.59,0.46,27.84,20.46,33.04,72.41,2037.16,100.0,207.1,1796.7,10.7
sugarcane,well_irrigated,deep_black_vertisol,annual,221.3,84.7,125.9,7.81,0.47,26.54,21.53,35.42,60.13,1592.78,100.0,130.1,1395.3,10.5
sugarcane,well_irrigated,deep_black_vertisol,kharif,253.2,88.2,129.5,8.02,0.66,27.75,20.79,33.63,84.69,2349.65,100.0,226.6,2649.4,8.3
sugarcane,well_irrigated,deep_black_vertisol,annual,227.3,70.9,97.2,8.06,0.5,26.81,20.12,34.99,78.63,1549.39,100.0,142.6,1486.5,11.6
sugarcane,well_irrigated,deep_black_vertisol,kharif,187.7,84.4,110.4,8.05,0.47,28.21,21.05,36.37,67.97,2063.3,100.0,184.2,1898.0,15.1
sugarcane,canal_command,medium_clay_loam,annual,279.0,60.0,101.1,7.75,0.68,26.49,21.45,31.7,62.21,1533.84,100.0,110.2,1346.0,11.8
sugarcane,canal_command,medium_clay_loam,annual,253.8,68.4,96.6,7.72,0.52,28.07,22.14,33.24,60.45,2388.95,100.0,169.0,2517.7,11.4
sugarcane,canal_command,medium_clay_loam,kharif,259.8,69.1,125.3,8.28,0.67,30.21,21.59,39.16,78.58,1558.49,100.0,165.9,1381.0,11.2
sugarcane,well_irrigated,deep_black_vertisol,annual,202.0,66.5,136.8,7.72,0.46,32.78,24.25,41.49,84.87,1656.51,100.0,166.7,1753.9,11.2
sugarcane,canal_command,medium_clay_loam,kharif,226.3,81.8,134.9,7.43,0.67,32.02,25.19,38.59,66.82,1929.01,100.0,190.6,1802.5,8.4
sugarcane,canal_command,medium_clay_loam,kharif,206.0,85.3,119.8,7.47,0.51,30.78,25.48,39.19,72.38,1932.53,100.0,204.8,1844.3,12.7
sugarcane,well_irrigated,deep_black_vertisol,kharif,266.4,85.7,121.3,8.18,0.51,27.1,21.46,33.44,65.97,2337.08,100.0,258.3,2660.5,8.8
sugarcane,canal_command,deep_black_vertisol,annual,262.6,64.5,110.1,8.07,0.49,31.73,23.4,38.76,60.16,1758.33,100.0,208.4,1827.9,12.9
sugarcane,well_irrigated,medium_clay_loam,annual,180.9,88.7,97.7,7.66,0.45,29.03,20.67,35.59,64.49,2178.33,100.0,252.2,1960.3,14.3
sugarcane,well_irrigated,deep_black_vertisol,kharif,238.2,72.1,127.3,7.44,0.67,32.81,23.94,40.81,63.25,2182.44,100.0,91.2,2066.9,8.2
sugarcane,well_irrigated,deep_black_vertisol,annual,205.3,60.0,99.5,7.82,0.69,26.72,18.3,33.82,80.65,1768.54,100.0,89.3,1963.8,14.7
sugarcane,well_irrigated,medium_clay_loam,kharif,223.2,93.0,115.2,7.97,0.55,27.92,18.98,34.56,82.35,1706.96,100.0,72.5,1784.6,9.7
sugarcane,well_irrigated,deep_black_vertisol,kharif,227.2,79.0,99.6,7.58,0.47,27.08,20.26,34.2,60.45,2217.12,100.0,88.9,2282.5,10.4
sugarcane,well_irrigated,medium_clay_loam,kharif,223.0,67.0,119.5,7.46,0.6,27.88,19.69,34.12,71.38,1510.46,100.0,107.8,1501.4,8.6
sugarcane,well_irrigated,medium_clay_loam,annual,245.7,86.5,147.2,8.22,0.63,31.24,25.66,36.66,74.27,1516.53,100.0,154.8,1717.3,11.9
sugarcane,well_irrigated,deep_black_vertisol,annual,188.8,72.3,92.0,7.47,0.55,26.93,19.66,34.69,80.01,1680.14,100.0,81.3,1748.9,9.3
sugarcane,canal_command,medium_clay_loam,annual,239.5,81.6,126.8,7.67,0.68,32.63,25.13,40.77,75.31,1935.96,100.0,198.8,1924.9,13.3
sugarcane,canal_command,medium_clay_loam,annual,253.2,62.9,93.6,7.62,0.49,32.1,26.23,41.01,68.42,1663.91,100.0,154.2,1663.0,14.3
sugarcane,well_irrigated,medium_clay_loam,kharif,245.3,71.6,122.5,7.84,0.47,28.82,22.94,35.5,65.09,2256.41,100.0,243.0,2343.6,9.4
sugarcane,well_irrigated,medium_clay_loam,kharif,278.8,61.4,142.0,7.92,0.56,31.08,24.13,39.57,82.52,1879.55,100.0,164.3,2112.1,10.2
sugarcane,canal_command,deep_black_vertisol,kharif,226.6,89.3,104.1,8.1,0.55,30.21,22.68,36.7,72.82,1871.73,100.0,135.5,1923.9,8.6
sugarcane,canal_command,medium_clay_loam,annual,239.3,65.7,113.5,8.27,0.51,30.6,24.3,38.69,63.27,2372.84,100.0,139.7,2069.2,11.6
sugarcane,well_irrigated,medium_clay_loam,kharif,224.9,83.4,98.7,7.8,0.6,32.64,26.63,39.08,69.48,2044.98,100.0,197.2,2012.1,10.9
sugarcane,canal_command,medium_clay_loam,annual,200.6,63.9,106.2,7.45,0.58,32.56,27.4,38.04,71.3,2340.49,100.0,188.6,2018.6,10.5
sugarcane,well_irrigated,deep_black_vertisol,kharif,228.0,84.0,91.0,7.69,0.69,30.06,24.04,37.15,68.57,1979.02,100.0,104.9,1794.0,9.0
sugarcane,well_irrigated,deep_black_vertisol,annual,224.4,90.4,100.6,8.02,0.66,32.61,24.88,39.6,75.45,2282.01,100.0,96.8,2577.0,12.6
sugarcane,well_irrigated,deep_black_vertisol,kharif,240.1,92.9,139.6,8.0,0.59,28.44,22.8,35.86,67.95,2279.79,100.0,143.8,2012.4,15.9
sugarcane,canal_command,medium_clay_loam,kharif,212.7,83.4,138.5,8.09,0.65,29.05,20.78,34.53,73.61,1505.18,100.0,104.3,1458.3,10.6
sugarcane,canal_command,medium_clay_loam,annual,234.8,80.9,122.7,7.8,0.45,30.11,24.44,37.68,78.98,1950.4,100.0,152.4,1888.6,12.3
sugarcane,well_irrigated,medium_clay_loam,annual,251.8,93.4,91.1,7.58,0.45,30.53,21.94,36.51,83.18,1554.24,100.0,105.9,1368.4,15.5
sugarcane,well_irrigated,medium_clay_loam,annual,232.3,83.5,145.8,7.88,0.6,26.63,18.76,33.23,84.42,2240.86,100.0,142.6,2438.1,12.2
sugarcane,well_irrigated,medium_clay_loam,annual,276.3,76.9,138.4,7.9,0.46,30.43,21.63,37.84,80.48,2295.79,100.0,130.8,2372.2,9.8
sugarcane,canal_command,deep_black_vertisol,kharif,270.6,86.9,123.4,7.63,0.53,31.12,22.72,38.81,80.24,2189.99,100.0,128.8,2432.6,9.2
sugarcane,canal_command,deep_black_vertisol,annual,189.6,60.8,128.5,7.95,0.59,27.62,21.06,35.0,72.42,2389.01,100.0,228.4,2320.4,9.1
sugarcane,canal_command,deep_black_vertisol,kharif,252.5,60.6,110.5,8.14,0.6,28.36,19.74,36.45,66.62,2080.76,100.0,140.4,2153.9,12.8
sugarcane,canal_command,medium_clay_loam,annual,186.8,88.0,104.0,7.89,0.67,30.56,23.42,36.85,68.33,2102.54,100.0,195.4,2139.0,16.0
sugarcane,canal_command,medium_clay_loam,kharif,213.4,80.3,95.3,8.27,0.61,31.28,25.6,37.92,70.57,2239.63,100.0,111.1,2558.2,8.0
sugarcane,canal_command,medium_clay_loam,kharif,272.7,78.9,140.5,7.87,0.61,26.62,18.6,32.13,80.65,2203.83,100.0,94.5,2073.7,13.7
sugarcane,canal_command,medium_clay_loam,kharif,218.1,72.1,104.3,7.86,0.66,27.96,19.19,36.45,64.04,2207.65,100.0,176.8,2139.6,12.6
sugarcane,well_irrigated,deep_black_vertisol,kharif,218.1,90.7,142.1,8.13,0.65,28.13,22.81,34.74,64.34,2125.46,100.0,250.9,2215.3,10.8
sugarcane,well_irrigated,deep_black_vertisol,annual,227.9,71.0,126.4,7.53,0.67,31.81,25.54,40.62,80.63,2099.68,100.0,123.0,1835.1,9.0
sugarcane,well_irrigated,medium_clay_loam,kharif,223.2,70.9,120.4,7.8,0.48,30.49,24.62,37.96,76.26,1636.82,100.0,167.7,1617.1,8.5
sugarcane,well_irrigated,deep_black_vertisol,kharif,255.4,81.7,107.8,7.79,0.49,26.52,18.39,32.58,64.44,2122.46,100.0,124.4,1944.7,12.9
sugarcane,well_irrigated,medium_clay_loam,annual,232.7,74.9,97.8,8.2,0.56,27.36,20.89,34.02,80.69,2160.25,100.0,88.3,2105.9,14.2
sugarcane,canal_command,medium_clay_loam,annual,259.0,80.4,130.9,7.57,0.6,28.26,19.93,35.78,64.97,1558.16,100.0,142.9,1557.8,8.3
sugarcane,canal_command,deep_black_vertisol,kharif,228.8,65.3,109.5,8.06,0.57,28.63,22.05,35.47,79.63,2302.88,100.0,237.1,2175.3,15.6
sugarcane,well_irrigated,medium_clay_loam,annual,187.6,69.8,145.8,7.63,0.65,31.78,24.79,38.32,71.25,1704.27,100.0,82.6,1953.9,15.1
sugarcane,canal_command,medium_clay_loam,annual,184.2,63.0,133.0,7.46,0.47,26.08,17.26,34.03,68.83,1766.88,100.0,180.2,1852.4,10.8
sugarcane,canal_command,deep_black_vertisol,kharif,221.2,79.2,139.8,7.46,0.56,26.58,19.52,35.17,79.56,1705.06,100.0,77.6,1940.3,15.8
sugarcane,well_irrigated,deep_black_vertisol,annual,276.8,88.0,107.6,8.28,0.6,30.08,22.08,38.32,76.41,1615.29,100.0,184.5,1481.8,10.7
sugarcane,well_irrigated,deep_black_vertisol,annual,235.0,73.6,99.8,7.65,0.68,30.73,23.75,35.78,84.81,2104.31,100.0,175.8,2190.2,10.5
sugarcane,canal_command,medium_clay_loam,kharif,264.2,85.5,136.6,7.99,0.49,29.82,20.88,38.56,61.08,1648.33,100.0,161.7,1805.5,9.1
sugarcane,canal_command,deep_black_vertisol,annual,195.1,72.0,114.8,8.08,0.64,30.28,24.86,35.89,62.34,2019.46,100.0,170.9,2208.3,15.0
sugarcane,canal_command,deep_black_vertisol,kharif,279.2,63.5,114.1,8.12,0.5,29.89,21.95,37.35,64.7,1819.85,100.0,153.5,1549.7,14.3
sugarcane,well_irrigated,medium_clay_loam,kharif,263.3,60.4,135.0,8.08,0.62,31.29,22.93,38.18,72.55,1612.24,100.0,92.5,1437.1,11.1
sugarcane,canal_command,medium_clay_loam,kharif,249.6,60.1,127.2,7.72,0.65,26.65,19.3,33.57,76.06,1558.37,100.0,132.3,1586.7,12.6
sugarcane,well_irrigated,medium_clay_loam,kharif,239.9,81.1,91.4,7.69,0.61,27.04,19.26,35.03,84.55,1688.86,100.0,84.1,1808.2,14.6
sugarcane,well_irrigated,deep_black_vertisol,annual,202.1,80.9,134.1,8.3,0.68,30.5,23.81,38.04,79.64,1606.5,100.0,172.2,1550.5,11.3
sugarcane,well_irrigated,medium_clay_loam,annual,200.3,79.8,148.8,7.55,0.63,30.1,22.75,37.89,83.24,2204.32,100.0,154.6,2179.0,8.4
sugarcane,canal_command,deep_black_vertisol,kharif,225.8,76.9,98.0,7.47,0.63,29.48,22.73,37.39,79.14,1643.02,100.0,83.5,1766.9,12.9
sugarcane,canal_command,medium_clay_loam,kharif,181.3,69.9,92.7,7.43,0.52,27.93,19.78,36.83,69.28,1886.0,100.0,204.2,1629.4,14.8
sugarcane,well_irrigated,deep_black_vertisol,kharif,193.9,78.6,114.7,7.71,0.67,26.15,18.5,35.01,74.0,2343.14,100.0,172.2,2174.5,8.4
sugarcane,canal_command,medium_clay_loam,annual,278.0,65.1,133.5,7.57,0.53,28.16,19.37,37.03,64.58,1519.83,100.0,143.9,1540.4,13.8
sugarcane,canal_command,deep_black_vertisol,kharif,266.0,85.3,94.1,8.04,0.59,26.57,19.74,33.51,64.14,2351.13,100.0,219.9,2324.5,14.8
sugarcane,canal_command,deep_black_vertisol,kharif,254.9,70.2,137.2,7.5,0.54,32.85,24.67,39.84,68.49,2284.92,100.0,94.7,2028.7,12.4
sugarcane,well_irrigated,medium_clay_loam,annual,267.1,68.4,117.1,8.29,0.64,26.19,20.93,33.05,82.73,1984.83,100.0,96.1,2078.2,12.0
sugarcane,canal_command,medium_clay_loam,annual,189.3,75.4,101.7,7.57,0.47,28.5,20.47,34.6,67.81,2078.41,100.0,157.6,2114.5,9.6
sugarcane,canal_command,medium_clay_loam,kharif,265.7,91.7,106.6,8.29,0.49,27.41,21.68,35.99,76.36,1636.89,100.0,146.0,1432.3,11.5
sugarcane,canal_command,medium_clay_loam,kharif,254.0,71.2,149.3,7.84,0.48,31.08,24.78,40.06,84.49,2090.52,100.0,88.5,2293.1,9.0
sugarcane,well_irrigated,medium_clay_loam,kharif,253.1,66.6,141.5,8.14,0.59,30.97,24.71,37.86,80.54,1913.34,100.0,152.2,2101.8,10.9
sugarcane,well_irrigated,medium_clay_loam,kharif,204.4,64.0,95.2,8.05,0.56,32.34,24.38,38.1,75.34,1891.95,100.0,203.4,1752.3,12.6
sugarcane,well_irrigated,deep_black_vertisol,annual,247.6,71.4,131.2,7.46,0.49,31.99,26.08,40.34,66.98,2078.59,100.0,168.4,1957.2,13.6
sugarcane,canal_command,deep_black_vertisol,annual,256.3,74.3,135.6,8.21,0.51,31.65,26.42,40.25,76.27,2286.8,100.0,160.9,2099.3,8.0
sugarcane,well_irrigated,medium_clay_loam,annual,218.0,94.2,96.6,7.78,0.46,31.18,22.51,37.3,81.46,1763.0,100.0,176.9,1924.3,15.3
sugarcane,canal_command,deep_black_vertisol,kharif,242.1,79.6,127.7,7.88,0.61,29.15,23.28,34.63,61.71,1736.98,100.0,184.1,1515.1,8.4
sugarcane,canal_command,medium_clay_loam,annual,254.3,61.7,144.2,8.17,0.62,30.15,21.58,35.89,61.97,1715.56,100.0,73.4,1758.2,14.4
sugarcane,well_irrigated,medium_clay_loam,kharif,237.3,83.1,105.1,7.6,0.57,31.16,24.06,36.29,81.71,1558.22,100.0,104.8,1401.5,15.6
sugarcane,well_irrigated,deep_black_vertisol,kharif,243.1,80.7,132.2,7.61,0.58,26.73,20.19,33.68,76.31,2355.48,100.0,234.3,2359.9,12.8
sugarcane,well_irrigated,medium_clay_loam,annual,269.1,60.1,92.4,7.94,0.68,27.67,20.79,34.47,71.82,2060.27,100.0,179.8,2083.1,11.8
sugarcane,well_irrigated,deep_black_vertisol,annual,201.9,61.3,96.5,7.7,0.65,30.0,22.95,36.18,83.29,1857.31,100.0,166.0,1642.1,8.7
sugarcane,canal_command,deep_black_vertisol,annual,237.5,61.0,130.5,7.44,0.56,32.51,26.85,39.07,78.25,2294.03,100.0,146.2,2444.4,13.4
sugarcane,well_irrigated,deep_black_vertisol,kharif,180.2,82.3,93.1,7.63,0.46,30.23,22.48,35.68,69.6,1910.61,100.0,94.9,1864.2,11.0
sugarcane,canal_command,deep_black_vertisol,kharif,220.4,71.2,135.0,7.77,0.61,30.53,21.97,37.92,72.55,1624.98,100.0,147.9,1742.5,8.9
sugarcane,well_irrigated,deep_black_vertisol,annual,233.4,65.0,90.7,7.78,0.52,29.4,22.09,34.58,63.08,2002.78,100.0,196.9,2094.3,10.7
sugarcane,canal_command,medium_clay_loam,kharif,265.2,74.1,94.7,7.89,0.67,30.13,24.23,36.67,71.25,2021.34,100.0,165.9,2028.4,14.1
sugarcane,canal_command,deep_black_vertisol,kharif,194.3,91.2,110.8,7.54,0.46,30.52,22.97,36.88,61.79,1868.67,100.0,176.0,1928.0,10.5
sugarcane,well_irrigated,medium_clay_loam,kharif,238.0,79.6,96.3,7.55,0.69,27.6,18.69,34.73,63.39,1589.37,100.0,113.9,1500.3,9.7
sugarcane,canal_command,deep_black_vertisol,annual,208.9,91.5,97.0,8.26,0.53,32.22,24.81,40.53,84.6,1759.56,100.0,125.2,1699.1,15.7
sugarcane,well_irrigated,medium_clay_loam,kharif,278.0,76.7,121.9,7.55,0.51,31.87,25.45,40.18,77.73,1659.45,100.0,176.7,1681.8,12.1
sugarcane,well_irrigated,deep_black_vertisol,annual,193.9,75.5,127.6,7.84,0.55,32.96,24.44,40.45,74.23,2058.59,100.0,147.4,1774.2,9.6
sugarcane,canal_command,medium_clay_loam,annual,270.7,64.6,125.6,7.94,0.54,29.21,24.06,37.19,73.73,1551.97,100.0,182.5,1761.1,13.4
sugarcane,well_irrigated,medium_clay_loam,kharif,228.3,90.2,125.3,7.74,0.52,27.42,19.38,33.97,72.78,1943.09,100.0,212.3,2223.3,12.6
sugarcane,well_irrigated,deep_black_vertisol,kharif,240.2,80.7,138.4,7.83,0.7,26.42,21.4,33.98,67.46,1716.34,100.0,196.2,1474.6,10.5
sugarcane,well_irrigated,medium_clay_loam,annual,193.4,70.5,111.5,8.12,0.52,27.47,18.65,32.51,84.95,2109.14,100.0,134.1,1801.8,14.6
sugarcane,well_irrigated,deep_black_vertisol,annual,243.3,62.4,90.3,8.24,0.66,31.66,23.13,39.46,62.61,1859.19,100.0,78.0,1751.1,13.8
sugarcane,canal_command,medium_clay_loam,kharif,260.8,93.2,94.3,8.26,0.58,28.1,22.79,35.1,79.86,2136.38,100.0,97.9,2074.1,8.4
sugarcane,canal_command,medium_clay_loam,annual,266.3,74.0,107.6,7.54,0.52,26.15,18.82,34.52,73.72,1697.35,100.0,171.0,1538.4,8.3
sugarcane,canal_command,medium_clay_loam,annual,224.9,80.5,127.5,7.46,0.62,27.69,19.84,35.98,80.1,1997.25,100.0,102.7,2162.2,12.2
sugarcane,well_irrigated,deep_black_vertisol,kharif,195.9,90.9,139.4,8.05,0.52,28.82,23.41,34.57,79.58,2143.53,100.0,165.8,2040.9,12.7
sugarcane,canal_command,medium_clay_loam,kharif,211.6,63.6,111.6,7.64,0.66,28.19,20.04,36.76,70.85,2318.95,100.0,271.6,2033.2,11.0
sugarcane,canal_command,medium_clay_loam,kharif,236.5,92.6,140.7,8.01,0.48,27.78,19.28,33.51,66.96,1616.64,100.0,193.9,1425.0,13.4
sugarcane,well_irrigated,deep_black_vertisol,kharif,230.0,75.1,117.5,7.59,0.54,28.59,23.38,36.66,70.41,2239.96,100.0,127.6,2345.7,14.8
sugarcane,well_irrigated,medium_clay_loam,annual,244.8,87.9,135.2,7.43,0.55,32.52,27.01,40.46,84.36,1546.98,100.0,72.4,1334.9,13.5
sugarcane,canal_command,deep_black_vertisol,annual,191.2,78.1,106.1,8.15,0.45,28.65,22.3,33.73,63.11,1872.28,100.0,135.4,1889.7,11.9
sugarcane,well_irrigated,medium_clay_loam,kharif,252.5,90.7,92.5,7.76,0.64,29.18,23.12,35.06,63.29,2271.42,100.0,157.7,2054.5,12.6
sugarcane,well_irrigated,medium_clay_loam,annual,209.3,87.1,121.1,7.71,0.54,26.01,19.81,33.6,84.35,2262.35,100.0,253.1,2454.6,8.2
sugarcane,well_irrigated,medium_clay_loam,annual,200.7,65.3,144.0,8.04,0.68,30.22,23.33,35.46,76.79,2023.99,100.0,186.4,2111.8,15.9
sugarcane,well_irrigated,medium_clay_loam,kharif,216.6,67.9,101.7,7.53,0.61,31.47,24.16,37.06,80.28,2072.36,100.0,194.7,1923.1,11.1
sugarcane,canal_command,medium_clay_loam,annual,213.7,85.4,122.3,7.45,0.62,30.83,22.11,37.82,65.76,1540.11,100.0,105.3,1747.6,11.3
sugarcane,canal_command,medium_clay_loam,kharif,207.5,88.2,117.6,7.89,0.56,26.31,20.64,33.09,65.23,1544.98,100.0,183.1,1680.9,14.7
sugarcane,canal_command,medium_clay_loam,annual,245.9,63.8,128.2,7.85,0.55,32.67,25.58,38.55,71.47,2327.45,100.0,223.1,2254.3,9.4
sugarcane,well_irrigated,medium_clay_loam,kharif,255.7,65.7,118.6,8.05,0.51,30.48,22.82,36.14,74.13,2194.46,100.0,89.9,1871.2,12.0
sugarcane,well_irrigated,medium_clay_loam,annual,235.2,88.2,92.8,8.13,0.49,29.6,21.37,35.62,66.15,1862.49,100.0,150.9,1852.2,15.2
sugarcane,well_irrigated,medium_clay_loam,annual,255.4,92.1,147.1,7.92,0.54,31.51,25.51,38.77,68.96,2090.97,100.0,115.7,2353.3,9.9
sugarcane,canal_command,medium_clay_loam,kharif,264.0,86.3,103.7,8.26,0.49,30.76,24.86,37.48,77.98,2006.99,100.0,103.4,1964.9,11.4
sugarcane,canal_command,medium_clay_loam,annual,269.3,74.7,136.8,7.83,0.57,27.43,20.07,33.18,68.29,2269.53,100.0,103.7,1976.1,9.7
sugarcane,canal_command,deep_black_vertisol,annual,226.0,63.3,139.6,7.44,0.63,31.42,25.01,39.72,72.89,1916.96,100.0,136.8,1943.8,8.4
sugarcane,canal_command,deep_black_vertisol,annual,221.7,78.3,93.3,8.28,0.51,28.13,21.91,34.05,60.04,2156.41,100.0,124.9,2261.9,15.7
sugarcane,canal_command,deep_black_vertisol,annual,255.9,81.3,143.8,8.14,0.51,27.9,22.4,34.25,84.99,1865.18,100.0,96.9,1798.4,9.8
sugarcane,canal_command,medium_clay_loam,annual,250.9,65.9,136.8,7.93,0.69,26.3,20.24,33.7,67.41,2142.98,100.0,103.3,2151.9,14.1
sugarcane,canal_command,medium_clay_loam,annual,277.2,75.7,99.5,7.56,0.47,31.62,26.14,37.13,81.26,1810.14,100.0,95.2,1603.2,8.2
sugarcane,well_irrigated,medium_clay_loam,annual,236.2,93.1,119.8,7.74,0.49,31.5,23.57,38.04,60.63,2255.1,100.0,217.2,2573.2,8.1
sugarcane,canal_command,medium_clay_loam,annual,235.9,77.5,132.4,7.88,0.59,29.01,22.77,35.94,62.96,2365.36,100.0,222.8,2454.1,13.7
sugarcane,well_irrigated,medium_clay_loam,kharif,247.3,87.9,105.0,7.96,0.59,31.83,23.21,36.88,76.85,1546.65,100.0,97.5,1457.0,12.4
sugarcane,well_irrigated,deep_black_vertisol,annual,273.5,75.1,142.7,7.94,0.51,28.49,23.16,34.82,76.94,1564.9,100.0,160.9,1674.5,9.6
sugarcane,well_irrigated,deep_black_vertisol,annual,221.8,86.3,96.1,7.65,0.52,29.02,20.1,34.29,72.97,1661.43,100.0,81.5,1613.4,15.8
sugarcane,well_irrigated,medium_clay_loam,annual,238.2,67.2,121.2,7.47,0.6,29.62,21.66,37.14,73.74,2120.8,100.0,241.9,1846.2,9.2
sugarcane,well_irrigated,medium_clay_loam,annual,239.9,81.8,128.9,7.64,0.45,32.76,26.75,40.46,77.67,2049.01,100.0,126.4,2109.0,10.5
sugarcane,well_irrigated,deep_black_vertisol,annual,191.7,75.7,126.7,7.59,0.68,26.05,17.96,33.55,69.34,1545.44,100.0,128.8,1749.3,13.0
sugarcane,well_irrigated,deep_black_vertisol,kharif,264.0,66.6,130.3,8.28,0.48,26.06,19.32,31.43,78.71,2323.09,100.0,141.0,2277.4,11.5
sugarcane,canal_command,medium_clay_loam,annual,279.6,68.0,122.8,8.0,0.63,27.43,19.81,35.7,61.25,2320.37,100.0,132.8,2388.0,8.2
sugarcane,well_irrigated,medium_clay_loam,kharif,275.1,89.3,138.3,8.14,0.68,29.81,24.01,37.28,78.57,2164.13,100.0,98.4,2080.4,12.2
sugarcane,canal_command,medium_clay_loam,annual,260.0,71.7,141.9,8.22,0.66,26.25,18.1,32.89,81.84,2074.16,100.0,106.9,2250.9,14.7
sugarcane,well_irrigated,deep_black_vertisol,kharif,209.2,75.5,91.3,7.67,0.58,26.39,19.43,35.1,62.63,2188.0,100.0,202.2,2030.6,11.3
sugarcane,canal_command,medium_clay_loam,kharif,231.6,87.5,146.6,8.07,0.63,31.79,25.0,40.01,60.2,2332.1,100.0,231.8,2035.9,11.5
sugarcane,canal_command,deep_black_vertisol,kharif,210.8,92.0,147.2,7.69,0.54,29.54,20.77,38.04,62.56,1853.46,100.0,148.7,1683.2,12.4
sugarcane,canal_command,medium_clay_loam,kharif,268.4,72.1,117.7,7.77,0.45,28.07,21.23,34.72,78.05,1846.32,100.0,201.3,1864.0,11.9
sugarcane,well_irrigated,medium_clay_loam,kharif,196.1,62.9,91.1,7.55,0.67,27.69,21.27,33.11,65.56,1967.3,100.0,117.3,1706.3,12.9
sugarcane,canal_command,deep_black_vertisol,kharif,213.6,86.2,124.3,8.29,0.55,31.28,22.79,38.99,70.3,2178.24,100.0,187.4,1866.0,9.6
sugarcane,canal_command,medium_clay_loam,annual,240.6,64.1,110.2,7.53,0.62,27.44,20.88,36.03,65.11,1957.02,100.0,81.1,2128.9,11.4
sugarcane,canal_command,deep_black_vertisol,annual,220.8,91.0,103.3,8.04,0.67,31.12,23.33,39.13,71.63,2286.75,100.0,188.7,2294.0,9.6
sugarcane,well_irrigated,deep_black_vertisol,annual,268.3,76.3,94.5,7.75,0.65,32.31,26.5,37.58,81.93,1850.46,100.0,217.3,1609.8,12.3
sugarcane,canal_command,deep_black_vertisol,annual,225.0,78.0,149.4,7.61,0.69,26.3,19.51,31.58,78.23,2047.57,100.0,89.3,1955.4,13.7
sugarcane,canal_command,medium_clay_loam,kharif,201.8,83.2,119.0,7.4,0.65,31.41,24.22,36.68,79.16,2025.34,100.0,202.8,2209.4,14.3
sugarcane,well_irrigated,deep_black_vertisol,kharif,181.5,67.3,132.8,7.75,0.62,28.43,21.87,34.06,66.46,2044.87,100.0,170.4,2203.3,11.5
sugarcane,well_irrigated,deep_black_vertisol,kharif,251.6,69.5,102.1,7.68,0.51,27.5,20.8,36.14,72.68,1669.13,100.0,159.7,1610.4,8.6
sugarcane,canal_command,medium_clay_loam,kharif,275.8,75.1,123.0,7.88,0.61,31.24,25.34,38.35,80.65,1916.8,100.0,86.4,2076.0,10.2
sugarcane,well_irrigated,medium_clay_loam,annual,256.1,66.6,95.3,8.03,0.54,29.03,23.9,35.06,60.84,2291.27,100.0,193.8,1974.4,9.9
sugarcane,well_irrigated,medium_clay_loam,kharif,222.9,67.0,120.9,8.06,0.56,30.67,25.29,38.66,80.32,2136.15,100.0,137.4,2019.6,15.7
sugarcane,well_irrigated,deep_black_vertisol,annual,216.0,87.4,124.0,7.68,0.61,27.62,22.57,35.68,75.59,2186.07,100.0,233.8,2264.5,8.3
sugarcane,canal_command,medium_clay_loam,annual,221.5,74.1,113.4,7.46,0.61,31.13,23.43,36.68,74.47,2012.54,100.0,180.1,2092.9,14.9
sugarcane,canal_command,deep_black_vertisol,annual,278.1,82.7,138.3,8.04,0.6,26.37,19.55,34.07,76.94,1835.81,100.0,98.0,1836.0,15.5
sugarcane,canal_command,deep_black_vertisol,annual,277.4,62.4,123.3,8.07,0.65,28.9,23.08,34.07,74.49,1907.62,100.0,80.1,1719.6,15.6
sugarcane,well_irrigated,medium_clay_loam,annual,260.3,93.6,122.2,7.84,0.55,27.08,19.79,33.18,83.03,2024.87,100.0,138.5,1752.7,12.7
soybean,canal_command,deep_black_vertisol,kharif,30.6,47.5,45.2,7.7,0.62,29.27,23.43,37.72,85.38,449.16,37.3,53.8,385.8,17.4
soybean,canal_command,deep_black_vertisol,kharif,35.6,74.2,41.6,7.68,0.42,26.68,21.41,35.58,83.79,613.14,43.5,28.7,592.1,19.4
soybean,canal_command,deep_black_vertisol,kharif,25.3,51.9,41.7,7.21,0.43,25.34,19.75,34.23,82.46,641.94,51.6,42.4,603.3,14.4
soybean,canal_command,medium_clay_loam,kharif,23.2,52.7,38.9,7.54,0.42,25.68,17.45,31.27,72.88,616.16,43.6,28.7,613.3,11.5
soybean,well_irrigated,deep_black_vertisol,kharif,34.1,69.1,33.4,7.46,0.53,25.15,17.66,31.25,76.22,420.57,35.2,18.7,410.3,14.6
soybean,well_irrigated,medium_clay_loam,kharif,38.1,62.2,46.7,7.62,0.62,26.51,19.36,34.87,87.76,622.38,44.5,34.6,620.4,13.7
soybean,canal_command,deep_black_vertisol,kharif,32.3,59.5,51.0,7.29,0.61,27.25,20.94,34.07,82.54,431.5,40.0,34.2,450.2,12.0
soybean,canal_command,medium_clay_loam,kharif,33.8,56.2,46.5,7.11,0.54,25.48,19.37,31.36,69.21,606.43,52.0,69.2,691.9,12.9
soybean,canal_command,medium_clay_loam,kharif,23.6,56.2,49.9,7.29,0.42,28.45,20.07,36.64,69.03,568.19,44.2,34.1,527.8,12.2
soybean,well_irrigated,deep_black_vertisol,kharif,41.8,68.8,45.7,7.6,0.44,27.67,21.26,33.04,76.18,630.18,46.0,39.9,574.9,10.4
soybean,canal_command,deep_black_vertisol,kharif,42.7,59.0,41.7,7.61,0.44,27.9,21.18,35.29,87.99,592.36,42.9,25.1,539.8,14.0
soybean,well_irrigated,deep_black_vertisol,kharif,32.8,63.5,52.8,7.41,0.53,24.4,19.26,31.61,75.08,609.8,47.3,25.6,600.5,11.6
soybean,well_irrigated,medium_clay_loam,kharif,21.2,66.7,32.8,7.49,0.47,25.39,18.87,33.59,74.02,587.69,41.2,55.4,599.3,11.3
soybean,well_irrigated,medium_clay_loam,kharif,29.7,47.0,30.5,7.66,0.53,30.2,24.26,36.58,65.69,640.37,51.1,73.4,595.3,16.7
soybean,well_irrigated,medium_clay_loam,kharif,37.0,54.5,51.2,7.76,0.62,29.91,23.8,36.04,87.16,402.57,33.7,48.0,379.9,17.2
soybean,well_irrigated,medium_clay_loam,kharif,22.0,58.3,36.5,7.27,0.61,31.48,25.74,37.97,86.36,415.45,37.0,22.0,427.3,10.9
soybean,canal_command,deep_black_vertisol,kharif,44.2,58.4,42.5,7.2,0.52,29.3,21.29,37.31,78.29,626.09,43.2,45.2,698.3,18.2
soybean,canal_command,medium_clay_loam,kharif,42.7,54.4,47.3,7.22,0.45,25.48,19.11,32.2,84.11,429.97,39.2,35.5,402.6,17.3
soybean,well_irrigated,medium_clay_loam,kharif,27.5,62.9,40.8,7.13,0.43,28.37,19.76,34.75,81.86,564.67,43.4,52.3,632.2,19.3
soybean,canal_command,medium_clay_loam,kharif,28.2,45.3,50.7,7.64,0.43,28.61,21.76,34.09,87.55,453.67,39.1,39.7,486.2,10.7
soybean,canal_command,deep_black_vertisol,kharif,36.5,61.0,32.6,7.14,0.54,26.37,17.62,34.65,87.62,464.92,27.2,20.5,402.5,19.7
soybean,canal_command,deep_black_vertisol,kharif,31.4,51.8,45.3,7.2,0.54,26.87,18.58,35.16,75.98,487.7,33.1,50.9,462.6,13.6
soybean,canal_command,deep_black_vertisol,kharif,22.1,59.0,42.1,7.67,0.46,27.05,18.81,35.34,73.85,514.78,39.4,42.5,442.6,13.0
soybean,well_irrigated,medium_clay_loam,kharif,30.2,49.8,46.4,7.78,0.54,29.72,24.44,36.39,67.68,553.2,43.3,51.4,483.0,19.4
soybean,well_irrigated,medium_clay_loam,kharif,33.8,57.1,50.8,7.65,0.55,26.99,20.97,32.41,73.16,503.29,35.5,36.0,455.2,16.8
soybean,well_irrigated,medium_clay_loam,kharif,40.7,46.3,40.5,7.13,0.62,28.46,22.53,35.47,81.82,639.53,48.8,70.9,722.9,12.2
soybean,well_irrigated,deep_black_vertisol,kharif,35.9,63.9,40.1,7.6,0.53,29.42,22.71,37.35,83.96,436.61,37.5,32.5,420.8,18.3
soybean,well_irrigated,medium_clay_loam,kharif,26.3,70.3,42.1,7.41,0.48,28.58,22.28,33.74,71.26,401.59,30.7,47.1,389.0,19.8
soybean,well_irrigated,deep_black_vertisol,kharif,28.6,65.1,50.1,7.76,0.5,30.27,24.2,39.23,65.59,550.88,38.4,63.4,498.2,16.6
soybean,well_irrigated,deep_black_vertisol,kharif,25.6,54.2,43.7,7.33,0.44,25.37,18.69,33.4,85.65,421.03,33.0,20.2,360.0,13.9
soybean,canal_command,deep_black_vertisol,kharif,35.1,49.9,35.8,7.02,0.61,31.8,26.26,37.72,84.97,631.62,39.7,26.7,647.4,14.2
soybean,canal_command,deep_black_vertisol,kharif,39.7,54.2,31.0,7.47,0.5,31.79,24.61,37.89,81.32,467.87,40.4,32.7,474.9,19.0
soybean,canal_command,medium_clay_loam,kharif,30.7,70.0,50.1,7.18,0.46,30.54,21.82,35.92,75.35,484.36,24.7,32.3,469.0,18.7
soybean,canal_command,medium_clay_loam,kharif,24.0,62.2,50.1,7.61,0.44,25.19,19.12,31.64,74.39,569.92,41.2,24.4,551.4,10.6
soybean,well_irrigated,medium_clay_loam,kharif,24.8,64.2,36.5,7.71,0.62,26.38,20.46,33.02,70.53,568.1,46.5,40.8,509.5,18.3
soybean,canal_command,deep_black_vertisol,kharif,29.0,65.1,36.8,7.06,0.65,25.25,16.3,34.16,83.26,564.86,44.5,61.7,529.2,15.8
soybean,well_irrigated,medium_clay_loam,kharif,35.5,57.3,40.7,7.26,0.54,30.8,25.0,39.54,80.85,605.82,41.6,61.3,560.9,15.6
soybean,canal_command,medium_clay_loam,kharif,22.6,48.8,54.5,7.54,0.61,26.59,18.89,33.97,78.87,570.63,40.1,42.4,532.3,15.8
soybean,well_irrigated,medium_clay_loam,kharif,25.7,65.8,35.8,7.5,0.59,25.75,20.51,31.27,78.94,612.36,42.5,47.9,691.1,10.4
soybean,canal_command,deep_black_vertisol,kharif,31.6,45.4,32.0,7.21,0.41,29.05,22.35,36.24,69.02,473.98,40.5,55.6,410.1,16.6
soybean,canal_command,deep_black_vertisol,kharif,34.4,61.9,42.5,7.06,0.42,28.81,22.44,37.48,74.35,435.82,33.6,41.8,488.2,17.1
soybean,well_irrigated,medium_clay_loam,kharif,36.9,65.4,53.6,7.24,0.4,26.18,20.3,33.82,79.58,548.37,33.7,53.9,519.3,10.2
soybean,well_irrigated,deep_black_vertisol,kharif,33.9,55.3,33.4,7.08,0.61,31.35,23.75,36.76,74.25,582.23,40.0,35.1,497.2,17.8
soybean,well_irrigated,medium_clay_loam,kharif,41.3,73.7,44.1,7.41,0.42,28.39,21.87,35.82,73.94,460.07,39.9,30.0,404.4,10.9
soybean,well_irrigated,deep_black_vertisol,kharif,44.7,58.3,43.3,7.7,0.65,28.66,20.41,34.97,72.03,500.68,32.9,25.4,520.6,16.7
soybean,well_irrigated,deep_black_vertisol,kharif,34.5,65.8,47.5,7.6,0.62,28.0,20.08,35.48,69.29,406.42,35.0,30.7,420.7,12.8
soybean,canal_command,deep_black_vertisol,kharif,24.9,48.8,54.1,7.09,0.52,28.68,21.52,34.03,66.31,426.37,25.8,38.8,467.3,15.9
soybean,canal_command,medium_clay_loam,kharif,32.5,65.7,36.3,7.25,0.55,31.18,22.94,38.52,81.8,491.21,37.9,38.0,445.5,16.4
soybean,canal_command,medium_clay_loam,kharif,33.9,55.8,52.8,7.02,0.48,24.46,16.39,32.26,72.62,568.92,41.5,41.5,643.1,14.0
soybean,well_irrigated,deep_black_vertisol,kharif,23.0,62.5,54.2,7.3,0.42,26.71,19.69,32.36,80.14,649.44,55.1,44.4,630.1,14.5
soybean,well_irrigated,medium_clay_loam,kharif,42.1,57.4,39.7,7.53,0.51,29.19,23.94,37.44,86.63,562.19,41.9,49.6,576.0,19.5
soybean,canal_command,deep_black_vertisol,kharif,28.5,48.8,39.8,7.13,0.58,25.67,20.44,32.88,78.69,617.98,41.6,41.8,674.2,15.8
soybean,canal_command,medium_clay_loam,kharif,22.0,62.0,52.7,7.32,0.47,25.15,19.54,31.88,78.7,420.15,33.5,44.7,367.2,19.4
soybean,well_irrigated,medium_clay_loam,kharif,35.8,69.9,49.6,7.22,0.64,24.99,16.49,33.88,69.07,580.52,49.5,42.0,583.4,10.4
soybean,well_irrigated,medium_clay_loam,kharif,43.4,65.2,42.0,7.65,0.64,24.18,15.25,29.52,83.73,470.08,43.2,33.1,407.3,11.3
soybean,well_irrigated,deep_black_vertisol,kharif,42.6,56.5,35.4,7.35,0.41,30.56,22.26,37.92,73.12,599.95,41.7,63.6,623.6,15.5
soybean,well_irrigated,deep_black_vertisol,kharif,35.0,57.4,53.9,7.43,0.55,25.76,18.26,33.05,69.25,414.9,31.7,24.1,435.6,16.0
soybean,well_irrigated,deep_black_vertisol,kharif,31.0,49.9,34.6,7.16,0.5,24.41,17.82,31.46,76.12,495.7,43.5,25.6,496.5,18.4
soybean,well_irrigated,deep_black_vertisol,kharif,21.8,62.2,44.2,7.7,0.54,31.68,26.48,37.07,66.01,446.32,31.8,51.6,492.1,15.4
soybean,canal_command,deep_black_vertisol,kharif,21.9,50.1,33.2,7.1,0.53,25.97,19.53,34.92,80.74,637.25,48.3,45.0,647.7,11.4
soybean,canal_command,deep_black_vertisol,kharif,20.1,65.1,46.0,7.33,0.52,27.32,22.23,33.67,69.07,424.61,38.0,27.7,411.0,19.6
soybean,well_irrigated,deep_black_vertisol,kharif,22.4,50.4,49.9,7.54,0.54,27.8,19.11,33.09,71.45,487.48,39.2,58.2,449.6,17.8
soybean,canal_command,medium_clay_loam,kharif,40.8,51.7,40.0,7.33,0.64,25.45,17.25,31.78,81.81,505.0,39.6,55.2,438.3,15.8
soybean,canal_command,deep_black_vertisol,kharif,23.5,57.5,43.7,7.32,0.53,31.97,26.43,39.67,74.11,433.25,34.4,50.2,482.6,11.6
soybean,canal_command,deep_black_vertisol,kharif,44.8,51.2,38.9,7.54,0.52,27.35,20.92,34.72,78.24,440.36,41.4,25.0,472.4,14.7
soybean,canal_command,deep_black_vertisol,kharif,28.9,68.4,44.1,7.21,0.57,28.54,20.35,36.48,79.03,522.04,45.5,31.8,509.4,11.3
soybean,well_irrigated,medium_clay_loam,kharif,32.8,53.6,30.2,7.4,0.47,29.88,24.78,37.22,86.65,443.6,34.2,37.3,431.3,14.7
soybean,well_irrigated,deep_black_vertisol,kharif,42.4,50.9,30.6,7.69,0.54,31.13,23.74,39.37,74.88,587.46,41.0,50.4,531.2,19.1
soybean,canal_command,medium_clay_loam,kharif,25.0,52.4,37.7,7.44,0.55,27.41,19.95,32.74,67.02,442.96,30.4,31.9,484.4,15.2
soybean,well_irrigated,medium_clay_loam,kharif,36.2,65.1,50.0,7.75,0.41,25.23,16.69,32.06,77.99,565.76,38.8,64.8,650.1,16.8
soybean,canal_command,deep_black_vertisol,kharif,27.2,71.4,31.2,7.18,0.62,26.05,20.17,31.6,84.76,525.01,42.5,52.9,495.5,16.7
soybean,canal_command,medium_clay_loam,kharif,25.2,74.3,46.1,7.75,0.48,30.26,22.19,38.02,87.21,498.39,34.2,46.7,532.7,11.3
soybean,well_irrigated,medium_clay_loam,kharif,25.2,60.1,37.8,7.34,0.56,29.96,24.03,36.58,71.19,449.66,32.8,45.0,503.2,17.8
soybean,well_irrigated,medium_clay_loam,kharif,24.6,73.7,39.4,7.27,0.42,27.89,22.45,33.88,72.29,602.21,48.1,38.7,667.0,18.8
soybean,well_irrigated,medium_clay_loam,kharif,39.1,49.4,47.3,7.76,0.57,26.65,19.65,34.24,76.74,429.99,33.7,21.9,488.3,13.1
soybean,well_irrigated,medium_clay_loam,kharif,36.6,67.6,50.3,7.76,0.48,30.87,25.34,38.69,82.07,569.43,44.0,62.5,512.9,12.5
soybean,canal_command,deep_black_vertisol,kharif,37.9,59.3,51.2,7.31,0.44,30.69,23.5,36.45,81.57,527.78,44.7,56.1,560.9,16.0
soybean,canal_command,deep_black_vertisol,kharif,41.0,65.1,47.4,7.29,0.62,29.8,24.35,36.43,85.39,411.8,30.3,38.8,428.0,19.6
soybean,canal_command,deep_black_vertisol,kharif,26.2,73.3,37.5,7.62,0.5,25.11,20.07,32.29,87.44,492.28,38.0,37.0,548.4,13.6
soybean,well_irrigated,medium_clay_loam,kharif,32.7,49.2,54.6,7.2,0.42,29.31,21.92,35.97,74.71,596.27,36.2,63.0,622.9,12.0
soybean,well_irrigated,deep_black_vertisol,kharif,31.5,52.7,48.8,7.41,0.48,28.77,19.79,35.51,86.18,486.25,35.0,28.0,413.3,10.5
soybean,canal_command,medium_clay_loam,kharif,41.1,67.3,34.2,7.1,0.42,29.79,21.08,36.51,67.74,528.1,34.2,37.0,547.3,13.5
soybean,canal_command,medium_clay_loam,kharif,22.8,46.1,54.9,7.19,0.41,25.52,20.36,32.09,83.46,485.31,36.8,52.9,538.6,14.4
soybean,well_irrigated,medium_clay_loam,kharif,39.5,58.8,54.7,7.39,0.65,30.04,24.04,37.19,87.82,614.38,54.2,59.3,585.9,11.0
soybean,well_irrigated,deep_black_vertisol,kharif,30.1,52.0,50.5,7.27,0.61,24.0,17.77,29.97,70.37,417.05,24.2,30.6,401.6,11.9
soybean,canal_command,deep_black_vertisol,kharif,42.6,59.8,38.3,7.09,0.64,24.48,18.29,30.67,72.37,441.07,35.0,22.0,458.9,17.8
soybean,well_irrigated,deep_black_vertisol,kharif,21.8,72.3,34.8,7.66,0.54,24.62,15.8,30.61,84.77,442.2,33.2,44.9,499.9,18.5
soybean,well_irrigated,deep_black_vertisol,kharif,40.5,71.6,35.0,7.23,0.47,27.02,20.44,34.19,68.68,572.81,41.7,37.1,573.4,11.7
soybean,canal_command,medium_clay_loam,kharif,38.5,64.4,33.9,7.44,0.42,27.02,20.36,32.18,71.3,638.91,46.4,34.7,618.3,19.5
soybean,well_irrigated,deep_black_vertisol,kharif,23.5,67.9,32.7,7.79,0.5,30.2,23.83,37.71,69.42,436.51,32.2,49.5,487.2,19.4
soybean,canal_command,deep_black_vertisol,kharif,40.2,47.1,38.4,7.25,0.56,26.85,21.25,34.23,83.73,495.53,34.7,31.7,516.8,11.3
soybean,canal_command,medium_clay_loam,kharif,37.4,55.9,50.6,7.16,0.52,30.41,24.69,35.85,85.32,485.73,33.6,20.4,513.4,16.8
soybean,well_irrigated,deep_black_vertisol,kharif,21.4,63.3,36.0,7.31,0.42,25.18,18.99,30.54,85.95,401.51,28.6,45.8,360.8,14.8
soybean,canal_command,medium_clay_loam,kharif,25.1,67.2,43.7,7.71,0.54,28.28,22.49,33.94,86.08,481.96,33.2,48.6,458.7,13.7
soybean,canal_command,deep_black_vertisol,kharif,38.4,62.9,52.0,7.04,0.46,27.72,21.81,35.7,86.14,505.94,37.7,40.0,483.4,13.4
soybean,canal_command,deep_black_vertisol,kharif,34.2,67.9,50.3,7.27,0.51,30.79,24.33,38.96,86.64,555.8,43.8,58.0,613.3,17.4
soybean,canal_command,deep_black_vertisol,kharif,21.3,57.1,46.8,7.36,0.59,26.86,19.32,32.6,82.24,536.42,44.3,42.2,490.7,12.0
soybean,canal_command,medium_clay_loam,kharif,37.9,73.7,40.7,7.38,0.62,28.2,20.37,34.21,75.27,430.86,28.9,17.3,371.3,12.1
soybean,well_irrigated,deep_black_vertisol,kharif,26.1,64.9,51.0,7.44,0.44,29.82,22.42,37.75,82.7,643.85,53.3,29.3,720.6,15.7
soybean,canal_command,medium_clay_loam,kharif,28.2,69.5,44.9,7.31,0.52,30.84,24.48,39.31,67.03,594.2,39.2,32.4,581.8,18.5
soybean,canal_command,deep_black_vertisol,kharif,37.7,61.1,45.9,7.16,0.45,24.33,18.04,31.57,84.73,566.73,42.7,34.4,490.7,14.4
soybean,canal_command,deep_black_vertisol,kharif,23.0,54.1,43.3,7.45,0.55,25.33,18.81,32.8,87.31,581.91,46.7,58.8,597.9,19.2
soybean,canal_command,deep_black_vertisol,kharif,36.7,63.7,45.1,7.39,0.53,26.68,19.6,32.47,83.52,446.44,41.2,33.5,416.5,10.8
soybean,well_irrigated,medium_clay_loam,kharif,28.7,73.0,53.1,7.4,0.48,29.9,24.75,36.8,72.74,630.13,44.2,53.1,675.6,10.1
soybean,canal_command,deep_black_vertisol,kharif,22.1,74.2,43.0,7.49,0.46,27.87,21.15,33.17,67.44,609.37,45.8,61.9,529.3,12.4
soybean,canal_command,deep_black_vertisol,kharif,23.0,46.1,31.3,7.67,0.43,24.36,17.61,32.74,71.04,505.43,32.3,38.4,517.2,10.4
soybean,canal_command,medium_clay_loam,kharif,28.3,54.5,32.7,7.29,0.42,30.13,21.27,39.01,84.9,550.2,44.7,42.1,547.2,17.0
soybean,well_irrigated,deep_black_vertisol,kharif,27.0,54.5,53.1,7.04,0.52,31.3,23.86,38.49,70.74,485.82,30.8,41.2,488.0,18.5
soybean,canal_command,medium_clay_loam,kharif,20.4,73.9,39.4,7.48,0.42,29.46,20.73,36.77,67.9,545.43,44.8,50.1,610.8,17.7
soybean,well_irrigated,deep_black_vertisol,kharif,23.3,54.3,35.0,7.73,0.59,29.41,23.21,35.15,82.4,518.54,37.9,46.3,447.0,12.3
soybean,well_irrigated,deep_black_vertisol,kharif,31.7,49.4,54.6,7.17,0.43,25.63,17.55,32.33,78.0,405.25,35.6,44.9,355.0,10.3
soybean,canal_command,deep_black_vertisol,kharif,42.8,56.6,50.7,7.11,0.63,30.01,21.25,37.72,73.36,634.55,46.7,42.2,672.8,12.8
soybean,canal_command,deep_black_vertisol,kharif,43.2,51.1,49.9,7.59,0.42,27.1,20.97,33.32,87.61,560.69,41.8,58.4,549.7,17.2
soybean,well_irrigated,deep_black_vertisol,kharif,24.5,73.4,35.5,7.26,0.59,27.15,19.72,33.93,82.07,457.08,35.3,29.3,453.6,10.6
soybean,well_irrigated,medium_clay_loam,kharif,28.9,57.0,31.4,7.47,0.62,25.21,17.82,32.87,74.64,575.27,42.2,54.8,603.1,14.1
soybean,well_irrigated,deep_black_vertisol,kharif,29.2,74.4,40.5,7.4,0.63,29.74,22.41,37.93,84.88,514.22,38.6,36.5,586.2,14.8
soybean,canal_command,deep_black_vertisol,kharif,22.1,70.9,42.0,7.06,0.54,27.34,18.83,33.15,84.01,539.42,40.5,34.1,534.5,10.5
soybean,well_irrigated,deep_black_vertisol,kharif,27.6,50.8,33.2,7.24,0.6,27.77,21.86,33.44,72.65,634.98,49.5,75.6,632.2,13.4
soybean,well_irrigated,deep_black_vertisol,kharif,42.3,58.8,47.7,7.79,0.41,24.77,16.89,30.9,69.24,409.84,28.8,31.7,422.9,10.2
soybean,canal_command,deep_black_vertisol,kharif,20.7,68.5,30.3,7.61,0.62,27.46,20.32,34.37,73.95,621.86,48.1,41.6,643.3,18.9
soybean,well_irrigated,medium_clay_loam,kharif,44.1,60.3,41.3,7.22,0.64,25.14,17.82,31.27,71.42,501.24,38.0,23.4,449.3,20.0
soybean,well_irrigated,deep_black_vertisol,kharif,32.8,52.8,37.9,7.07,0.48,31.73,22.95,38.07,78.13,627.4,44.5,65.8,711.8,10.1
soybean,well_irrigated,medium_clay_loam,kharif,24.0,73.8,43.4,7.01,0.46,27.6,19.83,35.53,87.89,471.88,25.8,25.3,539.5,15.4
soybean,well_irrigated,medium_clay_loam,kharif,32.5,63.1,35.7,7.44,0.57,28.12,19.16,35.57,73.53,593.04,47.9,42.0,565.8,11.7
soybean,canal_command,deep_black_vertisol,kharif,39.5,59.5,49.9,7.46,0.49,30.48,24.53,36.38,76.6,465.21,35.5,35.2,530.4,10.1
soybean,well_irrigated,medium_clay_loam,kharif,41.6,49.2,44.2,7.69,0.55,29.74,23.26,35.11,75.53,498.62,46.2,29.7,568.4,18.7
soybean,well_irrigated,medium_clay_loam,kharif,26.2,55.4,52.4,7.77,0.51,26.57,19.46,34.32,71.29,584.12,43.3,39.9,551.8,10.5
soybean,canal_command,medium_clay_loam,kharif,28.0,50.8,37.7,7.78,0.5,27.56,20.25,36.49,70.56,570.32,40.7,50.5,499.9,17.2
soybean,well_irrigated,medium_clay_loam,kharif,21.6,62.9,48.5,7.17,0.61,24.24,15.87,31.08,70.0,433.44,37.3,36.2,384.8,19.5
soybean,well_irrigated,medium_clay_loam,kharif,26.0,51.4,40.3,7.56,0.45,26.93,20.37,35.84,86.96,600.03,38.9,27.3,567.1,12.4
soybean,well_irrigated,medium_clay_loam,kharif,32.6,68.3,51.5,7.68,0.49,29.5,23.25,34.74,81.14,402.46,35.1,40.8,378.8,14.1
soybean,well_irrigated,deep_black_vertisol,kharif,27.3,58.4,48.2,7.55,0.65,25.8,18.15,33.24,86.05,439.09,28.6,37.5,409.4,17.5
soybean,well_irrigated,medium_clay_loam,kharif,28.3,62.4,52.2,7.46,0.56,28.15,22.95,34.08,76.32,477.56,27.7,29.0,472.4,11.8
soybean,well_irrigated,deep_black_vertisol,kharif,43.2,71.0,47.7,7.08,0.59,30.46,22.39,35.92,79.81,608.58,45.8,55.8,601.0,15.8
soybean,well_irrigated,deep_black_vertisol,kharif,20.9,64.2,32.0,7.35,0.47,28.36,22.83,36.13,83.29,440.84,23.6,21.4,460.6,11.0
soybean,well_irrigated,deep_black_vertisol,kharif,40.7,63.8,31.9,7.09,0.41,26.06,20.52,32.1,73.86,635.75,55.8,67.9,675.9,16.1
soybean,well_irrigated,deep_black_vertisol,kharif,38.4,53.3,46.0,7.27,0.65,26.11,19.99,34.83,65.57,574.17,45.0,52.7,510.2,17.3
soybean,well_irrigated,medium_clay_loam,kharif,44.6,72.4,41.0,7.03,0.49,30.61,22.81,37.45,66.27,506.72,42.3,57.9,528.2,14.7
soybean,canal_command,medium_clay_loam,kharif,33.1,47.0,54.3,7.29,0.52,26.84,19.11,34.49,81.45,467.04,36.4,20.2,480.7,13.2
soybean,canal_command,deep_black_vertisol,kharif,42.3,58.5,41.5,7.06,0.57,30.57,24.59,37.26,84.29,619.28,43.1,52.0,562.2,12.4
soybean,well_irrigated,medium_clay_loam,kharif,42.8,69.6,49.0,7.04,0.61,27.5,21.13,34.69,67.1,589.16,42.2,32.3,510.9,15.8
soybean,well_irrigated,deep_black_vertisol,kharif,41.0,45.5,31.2,7.46,0.6,26.61,20.22,34.0,71.31,406.65,28.5,36.6,416.5,17.4
soybean,well_irrigated,deep_black_vertisol,kharif,36.9,51.2,38.8,7.1,0.43,29.41,20.98,38.26,79.45,446.03,34.7,39.9,483.7,11.1
soybean,canal_command,medium_clay_loam,kharif,40.9,46.7,48.7,7.68,0.47,29.12,22.87,37.96,65.77,544.95,46.0,52.8,492.0,11.7
soybean,canal_command,medium_clay_loam,kharif,32.4,72.4,35.3,7.12,0.59,28.0,19.36,33.59,79.86,458.22,37.8,46.0,432.0,11.6
soybean,well_irrigated,deep_black_vertisol,kharif,30.1,74.5,37.3,7.24,0.49,28.52,22.51,37.18,71.11,623.95,53.5,57.7,700.1,11.0
soybean,well_irrigated,medium_clay_loam,kharif,44.2,58.6,53.6,7.54,0.48,25.51,19.29,30.88,68.31,426.17,30.3,21.5,444.5,14.2
soybean,canal_command,deep_black_vertisol,kharif,22.4,50.0,53.1,7.66,0.49,29.25,22.1,36.96,80.7,557.18,43.2,24.0,549.8,12.7
soybean,canal_command,medium_clay_loam,kharif,34.2,70.0,54.8,7.13,0.57,29.39,20.47,38.34,80.79,460.9,35.4,52.0,444.7,18.0
soybean,canal_command,deep_black_vertisol,kharif,30.8,58.1,37.8,7.61,0.63,31.53,25.83,40.02,81.96,463.21,33.5,28.5,520.5,10.7
soybean,well_irrigated,medium_clay_loam,kharif,38.0,52.7,48.0,7.02,0.49,29.01,23.43,37.31,70.41,563.07,38.6,23.3,632.3,14.1
soybean,well_irrigated,medium_clay_loam,kharif,40.5,75.0,35.3,7.21,0.57,31.72,23.06,38.74,83.29,433.94,33.4,50.8,390.2,19.8
soybean,canal_command,deep_black_vertisol,kharif,22.5,53.2,50.4,7.3,0.42,26.74,17.81,34.26,74.57,441.63,30.9,20.1,382.9,19.9
soybean,canal_command,deep_black_vertisol,kharif,34.5,72.9,42.4,7.67,0.51,29.67,21.74,35.36,73.31,559.33,45.3,38.6,565.2,10.7
soybean,well_irrigated,deep_black_vertisol,kharif,31.9,69.5,40.8,7.64,0.55,31.09,24.45,38.51,79.49,504.35,36.4,28.7,540.1,11.4
soybean,canal_command,medium_clay_loam,kharif,32.7,49.9,54.0,7.68,0.62,27.25,19.2,32.83,65.2,404.99,32.3,31.0,407.2,15.9
soybean,canal_command,deep_black_vertisol,kharif,30.6,66.5,41.1,7.59,0.46,30.51,23.15,36.35,70.44,557.01,35.6,60.9,585.3,18.3
soybean,well_irrigated,deep_black_vertisol,kharif,32.2,51.1,45.7,7.29,0.65,27.84,20.9,35.1,86.09,600.2,42.9,58.5,615.7,14.5
soybean,canal_command,medium_clay_loam,kharif,24.8,58.9,36.1,7.73,0.48,31.62,24.49,39.14,77.49,432.35,33.4,32.8,468.4,13.8
soybean,well_irrigated,deep_black_vertisol,kharif,24.1,57.2,53.2,7.57,0.5,28.14,22.8,37.08,80.33,471.35,32.1,23.0,537.2,15.9
soybean,canal_command,medium_clay_loam,kharif,36.2,52.4,47.9,7.62,0.57,28.92,20.35,34.23,72.61,462.07,40.5,43.8,422.2,19.9
soybean,well_irrigated,medium_clay_loam,kharif,27.0,57.3,35.9,7.02,0.62,31.72,25.36,38.08,65.16,570.06,40.0,29.5,511.9,18.3
soybean,canal_command,medium_clay_loam,kharif,35.4,46.3,45.6,7.25,0.49,30.16,21.91,36.76,86.78,501.62,41.4,56.5,439.5,17.7
soybean,canal_command,deep_black_vertisol,kharif,40.6,68.7,35.0,7.64,0.61,26.31,17.5,31.51,68.45,534.4,39.9,49.0,457.0,15.8
soybean,canal_command,medium_clay_loam,kharif,21.1,49.3,30.4,7.45,0.63,29.33,21.04,34.38,77.47,514.89,39.5,41.3,555.8,15.0
soybean,canal_command,deep_black_vertisol,kharif,23.7,64.4,34.3,7.7,0.55,25.26,16.41,32.33,66.68,556.71,39.8,58.1,609.8,12.5
soybean,well_irrigated,medium_clay_loam,kharif,32.5,58.6,48.8,7.11,0.54,28.37,23.01,35.04,84.63,614.04,45.1,67.5,545.7,11.0
soybean,canal_command,deep_black_vertisol,kharif,22.5,63.7,38.9,7.63,0.46,29.11,23.17,36.97,85.09,431.7,30.7,37.8,383.4,18.7
soybean,canal_command,deep_black_vertisol,kharif,24.0,66.0,49.0,7.08,0.53,30.52,21.77,37.57,86.86,533.92,39.9,41.5,532.4,13.9
soybean,canal_command,deep_black_vertisol,kharif,40.8,57.1,38.3,7.39,0.54,25.91,17.73,32.85,72.68,426.71,36.8,49.5,401.8,12.4
soybean,canal_command,deep_black_vertisol,kharif,31.5,54.2,30.9,7.26,0.54,28.41,21.99,35.2,87.21,494.34,36.0,49.8,450.7,12.6
soybean,canal_command,deep_black_vertisol,kharif,20.5,57.6,49.4,7.27,0.54,25.64,17.67,30.85,84.61,449.55,27.3,30.7,479.6,18.7
soybean,canal_command,deep_black_vertisol,kharif,42.6,48.8,34.5,7.39,0.42,25.57,16.79,34.47,73.65,630.82,51.0,58.5,723.4,15.4
soybean,canal_command,medium_clay_loam,kharif,36.8,46.6,32.8,7.0,0.65,30.42,22.27,37.46,71.9,437.82,28.6,30.7,471.5,12.8
soybean,canal_command,deep_black_vertisol,kharif,21.9,45.5,32.6,7.33,0.63,29.1,20.89,35.96,73.32,427.1,29.8,34.6,425.5,18.8
soybean,well_irrigated,deep_black_vertisol,kharif,43.7,62.4,43.5,7.04,0.42,25.5,20.37,33.47,81.64,434.01,34.5,22.7,408.1,18.4
soybean,canal_command,deep_black_vertisol,kharif,29.3,52.6,42.2,7.33,0.65,24.45,18.88,29.66,79.39,413.63,43.3,35.1,372.8,18.4
soybean,well_irrigated,medium_clay_loam,kharif,28.0,62.8,35.3,7.09,0.64,24.18,15.97,32.33,71.84,433.91,38.0,41.6,452.5,11.5
soybean,canal_command,medium_clay_loam,kharif,43.4,65.8,33.9,7.19,0.61,25.67,20.38,33.49,74.26,630.01,44.0,45.5,545.2,16.5
soybean,canal_command,medium_clay_loam,kharif,23.1,57.0,38.8,7.62,0.6,25.23,18.76,31.72,68.48,599.61,40.1,33.1,575.6,17.1
soybean,canal_command,deep_black_vertisol,kharif,35.7,48.6,54.6,7.62,0.5,28.63,19.98,35.84,69.01,494.68,42.5,54.1,553.1,18.4
soybean,well_irrigated,deep_black_vertisol,kharif,22.4,61.3,48.5,7.61,0.55,25.33,17.14,33.21,66.98,515.95,43.9,34.6,441.4,11.7
soybean,well_irrigated,medium_clay_loam,kharif,33.7,63.6,46.6,7.67,0.45,24.96,16.56,30.59,87.42,610.63,49.7,41.5,689.1,15.0
soybean,canal_command,deep_black_vertisol,kharif,33.7,62.7,46.3,7.2,0.49,30.75,24.97,39.06,77.94,590.55,38.7,33.4,602.7,17.1
soybean,well_irrigated,deep_black_vertisol,kharif,30.8,74.0,41.3,7.11,0.5,31.61,25.33,40.09,85.27,487.55,32.8,50.0,479.2,10.8
soybean,well_irrigated,deep_black_vertisol,kharif,39.4,56.5,41.1,7.3,0.49,28.21,19.97,34.65,77.06,567.68,47.1,35.3,641.5,12.7
soybean,well_irrigated,deep_black_vertisol,kharif,34.4,64.4,30.7,7.49,0.53,28.37,21.93,33.69,69.45,637.69,45.2,27.4,679.2,14.1
soybean,canal_command,medium_clay_loam,kharif,32.7,52.3,48.6,7.13,0.45,27.69,21.54,33.68,79.84,562.74,42.0,41.3,490.7,18.2
soybean,canal_command,deep_black_vertisol,kharif,44.5,62.9,47.7,7.01,0.53,24.3,17.02,32.98,87.27,535.14,40.8,24.2,529.6,14.6
soybean,well_irrigated,medium_clay_loam,kharif,31.7,58.7,44.6,7.29,0.44,28.03,19.71,35.69,72.78,633.88,49.1,36.0,546.3,19.1
soybean,well_irrigated,deep_black_vertisol,kharif,40.7,74.0,52.2,7.48,0.53,24.22,18.24,31.06,79.46,539.31,42.4,25.4,525.3,17.4
soybean,well_irrigated,deep_black_vertisol,kharif,37.3,74.7,36.9,7.4,0.48,27.52,19.1,35.26,85.3,450.88,27.0,20.2,503.4,18.7
soybean,canal_command,medium_clay_loam,kharif,27.9,60.4,53.5,7.04,0.49,30.85,24.27,36.65,74.77,496.39,37.4,59.1,491.2,19.2
soybean,well_irrigated,medium_clay_loam,kharif,26.6,58.1,33.9,7.76,0.59,26.15,18.78,34.03,86.65,620.41,53.0,63.3,632.0,15.2
soybean,well_irrigated,deep_black_vertisol,kharif,22.9,48.8,43.2,7.22,0.41,29.78,24.65,37.16,77.4,642.2,48.5,68.9,737.9,14.8
soybean,well_irrigated,medium_clay_loam,kharif,28.0,72.2,34.8,7.49,0.5,24.33,17.94,30.39,80.78,637.2,44.9,66.9,552.2,12.7
soybean,canal_command,deep_black_vertisol,kharif,21.8,73.0,49.2,7.53,0.61,29.18,20.3,37.04,86.27,529.28,35.4,46.3,526.5,11.2
soybean,well_irrigated,medium_clay_loam,kharif,20.3,50.8,42.3,7.76,0.5,27.39,19.54,34.81,71.88,502.7,38.0,59.0,447.0,12.2
soybean,canal_command,deep_black_vertisol,kharif,20.6,51.7,49.5,7.16,0.42,27.8,22.76,33.13,83.58,592.87,46.2,26.2,643.2,19.2
soybean,canal_command,medium_clay_loam,kharif,40.0,60.3,35.8,7.68,0.58,31.85,26.22,37.75,69.87,598.13,48.2,27.1,687.6,11.9
sorghum,well_irrigated,deep_black_vertisol,kharif,47.8,29.0,41.5,7.63,0.33,19.91,14.03,28.61,61.04,379.94,31.8,44.7,386.7,8.6
sorghum,well_irrigated,medium_clay_loam,rabi,62.3,22.2,34.0,7.9,0.34,21.3,14.97,28.39,52.57,281.7,26.9,27.3,270.4,15.6
sorghum,well_irrigated,shallow_murrum,rabi,54.9,42.0,34.8,8.01,0.4,24.12,18.36,32.39,38.5,411.2,32.1,31.3,370.4,11.4
sorghum,rainfed_scarcity,medium_clay_loam,rabi,69.7,43.0,26.8,7.77,0.44,26.58,17.81,34.54,37.6,413.83,37.5,32.1,357.9,12.1
sorghum,rainfed_scarcity,deep_black_vertisol,kharif,57.5,24.4,37.4,8.02,0.42,20.68,12.05,25.8,58.07,460.38,37.2,26.2,463.2,12.5
sorghum,well_irrigated,medium_clay_loam,kharif,49.5,33.4,43.4,7.71,0.52,25.17,19.18,30.31,38.06,425.7,32.2,29.7,425.9,10.0
sorghum,well_irrigated,medium_clay_loam,rabi,59.2,32.1,33.5,8.22,0.34,25.69,17.92,32.92,55.99,362.4,28.4,33.0,344.8,9.4
sorghum,rainfed_scarcity,deep_black_vertisol,kharif,54.0,30.2,36.9,7.63,0.45,24.37,19.01,31.36,42.89,424.88,40.1,47.3,416.1,9.9
sorghum,well_irrigated,medium_clay_loam,rabi,56.2,24.5,26.0,7.82,0.36,19.85,14.31,26.03,52.17,368.37,29.5,37.0,349.8,11.5
sorghum,well_irrigated,medium_clay_loam,kharif,72.7,27.0,36.2,8.27,0.31,25.97,18.68,33.4,50.69,454.9,35.3,27.7,506.2,8.4
sorghum,rainfed_scarcity,deep_black_vertisol,rabi,55.8,37.4,20.4,7.77,0.39,22.52,17.23,30.68,41.53,415.41,37.6,38.6,397.4,16.0
sorghum,well_irrigated,medium_clay_loam,kharif,55.7,20.6,20.1,7.63,0.4,26.22,18.02,32.28,42.34,325.46,26.1,26.0,319.5,11.4
sorghum,well_irrigated,medium_clay_loam,kharif,75.0,30.4,22.2,7.84,0.36,19.49,11.41,24.8,59.83,365.53,26.4,17.2,416.1,14.0
sorghum,rainfed_scarcity,medium_clay_loam,kharif,45.4,30.4,23.9,8.06,0.48,18.13,9.58,24.9,39.29,432.85,29.8,39.5,478.7,15.9
sorghum,rainfed_scarcity,medium_clay_loam,kharif,68.8,21.9,44.8,7.81,0.37,22.69,16.48,28.04,35.04,369.92,23.7,19.5,332.6,16.4
sorghum,well_irrigated,shallow_murrum,rabi,64.0,34.0,33.0,8.01,0.37,19.45,12.4,27.67,36.5,400.68,26.1,21.1,342.4,16.1
sorghum,well_irrigated,medium_clay_loam,rabi,46.9,28.9,32.0,7.9,0.38,24.75,16.25,33.51,59.15,450.12,31.6,32.4,425.4,13.5
sorghum,rainfed_scarcity,shallow_murrum,kharif,53.9,45.0,24.7,7.55,0.32,22.96,15.45,29.42,51.06,437.68,36.4,51.0,480.3,16.2
sorghum,rainfed_scarcity,medium_clay_loam,rabi,72.1,21.3,20.3,8.2,0.42,17.57,11.63,26.3,60.79,421.96,33.4,49.5,385.9,12.8
sorghum,well_irrigated,medium_clay_loam,kharif,63.1,23.1,44.1,7.69,0.51,20.65,14.36,29.39,45.9,358.06,26.9,33.5,335.4,9.1
sorghum,rainfed_scarcity,medium_clay_loam,kharif,50.8,23.0,22.1,8.31,0.35,21.0,14.2,28.39,37.15,325.35,24.8,13.5,308.5,17.3
sorghum,well_irrigated,medium_clay_loam,rabi,79.7,35.7,29.3,7.63,0.52,25.77,19.84,31.58,56.45,342.99,26.3,17.9,318.7,11.1
sorghum,rainfed_scarcity,deep_black_vertisol,rabi,66.7,28.5,41.4,7.83,0.35,18.29,10.22,24.36,58.02,321.18,26.8,36.8,292.9,11.2
sorghum,rainfed_scarcity,deep_black_vertisol,rabi,62.8,31.5,42.5,8.33,0.4,21.9,13.32,30.13,35.11,344.01,25.6,20.1,313.0,12.2
sorghum,well_irrigated,deep_black_vertisol,kharif,71.7,39.1,28.9,7.67,0.5,20.53,11.91,25.8,36.75,465.4,40.4,43.6,469.8,14.5
sorghum,rainfed_scarcity,medium_clay_loam,kharif,77.7,21.2,25.3,7.97,0.45,16.47,9.86,24.07,55.94,407.63,28.0,19.4,398.7,11.2
sorghum,well_irrigated,deep_black_vertisol,rabi,60.6,21.2,34.2,7.78,0.49,19.67,12.3,26.82,35.14,294.48,19.4,33.2,258.5,10.9
sorghum,well_irrigated,medium_clay_loam,rabi,63.9,36.9,37.6,8.36,0.43,20.8,11.98,28.37,43.94,305.29,25.9,21.1,320.0,16.4
sorghum,rainfed_scarcity,medium_clay_loam,rabi,66.1,21.5,30.3,7.95,0.41,24.98,16.67,33.07,36.16,318.83,22.0,23.7,316.0,13.4
sorghum,well_irrigated,shallow_murrum,kharif,78.1,26.0,26.0,7.48,0.53,22.96,15.29,31.6,45.37,404.3,33.7,22.2,444.5,8.4
sorghum,rainfed_scarcity,shallow_murrum,rabi,58.6,28.7,40.9,7.5,0.47,18.98,13.92,24.65,53.2,421.83,34.6,27.3,467.2,8.2
sorghum,well_irrigated,deep_black_vertisol,rabi,62.3,21.0,44.6,7.78,0.34,24.0,17.86,31.34,52.6,369.15,24.3,22.6,363.5,16.4
sorghum,rainfed_scarcity,shallow_murrum,rabi,72.4,29.9,36.2,7.55,0.53,20.6,12.68,25.68,41.16,377.42,31.4,29.7,376.3,16.8
sorghum,well_irrigated,shallow_murrum,kharif,60.9,33.9,30.1,7.86,0.3,19.4,12.66,26.94,48.5,347.56,26.3,20.6,391.8,11.9
sorghum,rainfed_scarcity,deep_black_vertisol,rabi,66.8,21.9,32.6,7.58,0.44,23.65,16.42,31.6,45.07,433.02,41.2,18.0,453.0,12.3
sorghum,well_irrigated,deep_black_vertisol,rabi,46.3,44.9,32.0,8.16,0.41,16.52,10.28,22.8,60.15,410.85,29.9,48.2,388.9,10.8
sorghum,well_irrigated,deep_black_vertisol,kharif,66.5,26.5,21.7,7.43,0.36,26.58,19.91,34.46,62.55,361.61,30.7,37.7,314.5,9.9
sorghum,rainfed_scarcity,deep_black_vertisol,kharif,76.8,23.1,33.4,8.28,0.4,21.78,16.5,27.9,44.74,469.02,35.3,36.1,493.1,10.8
sorghum,rainfed_scarcity,medium_clay_loam,rabi,70.8,41.7,35.7,8.07,0.33,27.35,21.82,35.45,42.94,466.72,31.9,35.2,483.2,15.2
sorghum,rainfed_scarcity,shallow_murrum,kharif,53.4,27.0,40.5,7.98,0.43,19.82,11.9,25.97,57.11,294.02,24.9,23.5,288.6,16.6
sorghum,rainfed_scarcity,shallow_murrum,kharif,75.1,31.5,26.6,7.64,0.42,26.64,20.13,34.64,37.9,375.21,25.3,30.1,345.2,17.9
sorghum,rainfed_scarcity,shallow_murrum,kharif,56.0,32.1,31.9,7.87,0.34,17.74,11.72,26.4,38.39,431.49,35.0,45.2,481.5,15.6
sorghum,rainfed_scarcity,shallow_murrum,kharif,71.8,43.3,43.7,7.77,0.33,22.22,16.77,30.96,40.51,330.55,29.8,25.3,297.9,12.1
sorghum,rainfed_scarcity,medium_clay_loam,kharif,50.2,35.3,34.1,8.11,0.53,26.95,18.16,32.93,38.95,340.46,23.5,40.1,377.2,17.0
sorghum,rainfed_scarcity,medium_clay_loam,kharif,57.0,34.0,21.8,8.16,0.37,26.65,20.18,32.22,55.88,312.92,23.7,29.9,343.5,15.5
sorghum,rainfed_scarcity,deep_black_vertisol,kharif,75.2,24.1,40.3,8.25,0.53,19.18,10.57,25.47,51.57,290.1,20.5,28.3,285.3,8.4
sorghum,rainfed_scarcity,medium_clay_loam,rabi,73.6,30.2,28.2,8.14,0.32,16.58,9.79,23.37,61.87,305.23,23.7,22.7,329.4,9.2
sorghum,rainfed_scarcity,shallow_murrum,rabi,65.0,21.3,23.5,8.02,0.35,22.05,14.87,28.18,63.45,448.49,31.4,20.7,395.5,15.2
sorghum,rainfed_scarcity,medium_clay_loam,rabi,79.2,24.0,32.2,7.76,0.46,17.55,10.83,23.65,61.63,288.12,19.5,29.7,247.6,17.1
sorghum,well_irrigated,deep_black_vertisol,kharif,72.0,26.6,20.1,8.07,0.54,23.28,17.8,29.56,61.03,326.51,27.9,23.6,297.9,14.1
sorghum,rainfed_scarcity,medium_clay_loam,rabi,52.5,38.5,24.7,7.97,0.35,26.34,17.57,33.41,45.57,326.81,27.9,27.0,370.3,8.5
sorghum,well_irrigated,medium_clay_loam,kharif,57.2,30.6,23.2,7.52,0.45,24.11,16.0,31.33,54.37,282.7,16.1,33.6,246.7,9.6
sorghum,well_irrigated,shallow_murrum,rabi,78.1,24.9,41.9,8.1,0.41,22.49,14.09,29.41,46.2,378.65,32.8,18.2,390.5,13.8
sorghum,rainfed_scarcity,deep_black_vertisol,rabi,50.7,29.1,26.3,8.08,0.47,22.02,13.91,30.39,52.39,403.79,36.1,45.1,346.2,10.8
sorghum,well_irrigated,deep_black_vertisol,kharif,67.7,20.6,40.3,7.94,0.37,16.74,11.09,25.32,55.58,329.98,27.4,23.9,316.5,8.7
sorghum,rainfed_scarcity,deep_black_vertisol,kharif,79.0,24.4,34.9,7.82,0.41,19.05,10.75,25.99,51.3,340.95,32.7,16.0,362.9,9.8
sorghum,rainfed_scarcity,shallow_murrum,kharif,51.6,36.3,23.7,7.95,0.43,24.81,19.59,33.36,56.09,323.23,29.4,34.7,325.2,9.8
sorghum,rainfed_scarcity,shallow_murrum,rabi,54.8,23.2,36.0,7.48,0.33,23.74,17.38,31.57,51.72,331.2,23.7,16.3,334.8,14.5
sorghum,well_irrigated,deep_black_vertisol,rabi,68.7,32.4,22.3,7.69,0.55,27.53,21.25,36.51,60.37,402.19,30.7,44.0,442.5,8.4
sorghum,well_irrigated,deep_black_vertisol,rabi,56.7,40.4,21.0,8.27,0.43,20.78,13.79,28.45,35.38,454.31,37.7,30.6,405.0,12.5
sorghum,rainfed_scarcity,deep_black_vertisol,kharif,70.1,26.2,41.9,8.21,0.54,26.61,17.87,35.04,55.8,314.05,25.5,25.2,348.6,10.7
sorghum,well_irrigated,deep_black_vertisol,rabi,64.0,40.8,23.1,7.53,0.44,27.36,20.7,33.66,53.2,466.09,29.7,55.8,399.3,16.4
sorghum,well_irrigated,deep_black_vertisol,rabi,62.1,28.4,33.7,8.15,0.5,19.9,12.01,27.53,63.77,466.22,31.1,50.2,456.1,15.9
sorghum,rainfed_scarcity,shallow_murrum,kharif,49.2,25.6,32.5,8.24,0.48,25.47,19.06,32.09,46.81,318.37,27.7,27.8,365.1,8.6
sorghum,rainfed_scarcity,medium_clay_loam,kharif,61.1,26.0,43.5,8.0,0.33,22.87,15.87,31.29,50.92,331.05,18.6,28.4,363.0,14.8
sorghum,rainfed_scarcity,shallow_murrum,kharif,49.0,38.0,32.5,8.29,0.53,16.66,8.38,21.81,46.02,388.46,30.1,38.7,331.2,9.5
sorghum,well_irrigated,deep_black_vertisol,kharif,77.6,32.2,35.8,8.13,0.39,24.64,16.94,32.46,49.68,356.59,28.3,26.9,404.1,10.2
sorghum,rainfed_scarcity,medium_clay_loam,rabi,79.9,42.2,40.3,7.77,0.36,24.82,18.6,30.52,58.6,342.51,30.4,36.7,378.2,17.1
sorghum,well_irrigated,deep_black_vertisol,rabi,56.8,25.3,27.8,7.58,0.53,20.77,14.79,27.56,44.62,428.88,36.6,36.6,384.8,17.7
sorghum,rainfed_scarcity,shallow_murrum,rabi,68.8,29.3,23.6,7.81,0.33,22.92,17.76,30.03,61.59,447.57,32.8,50.9,394.5,16.8
sorghum,rainfed_scarcity,deep_black_vertisol,rabi,45.8,31.3,28.3,7.84,0.37,17.98,10.22,25.03,41.0,343.92,29.1,33.5,361.4,13.9
sorghum,rainfed_scarcity,deep_black_vertisol,rabi,74.7,38.2,41.0,7.7,0.38,24.05,18.93,31.96,60.07,363.03,30.5,19.6,343.7,15.6
sorghum,rainfed_scarcity,medium_clay_loam,kharif,63.1,34.4,38.7,8.36,0.32,16.64,7.89,23.76,53.45,376.48,31.3,24.4,354.6,8.9
sorghum,rainfed_scarcity,medium_clay_loam,rabi,70.8,23.5,42.1,7.98,0.33,21.54,13.16,30.13,42.94,422.25,35.0,18.0,429.9,9.0
sorghum,well_irrigated,deep_black_vertisol,kharif,46.1,33.9,39.1,7.94,0.51,16.4,9.93,22.35,48.42,294.48,23.1,24.8,332.5,17.5
sorghum,well_irrigated,medium_clay_loam,kharif,64.8,43.2,21.4,7.82,0.48,21.55,13.33,27.27,63.79,357.03,26.6,39.3,363.9,11.4
sorghum,rainfed_scarcity,deep_black_vertisol,kharif,68.3,22.0,35.1,7.56,0.48,19.61,12.76,27.01,40.14,428.33,28.3,40.7,380.6,11.0
sorghum,well_irrigated,shallow_murrum,kharif,64.8,36.7,44.0,8.0,0.44,16.17,10.85,23.48,63.09,453.34,35.8,37.3,492.5,17.8
sorghum,rainfed_scarcity,shallow_murrum,rabi,70.2,32.6,37.7,7.65,0.38,20.01,14.91,26.37,59.1,459.46,32.5,50.7,392.3,13.2
sorghum,rainfed_scarcity,medium_clay_loam,kharif,59.0,41.3,32.5,8.08,0.4,19.16,10.34,26.58,63.02,320.68,23.9,34.8,338.1,9.5
sorghum,well_irrigated,shallow_murrum,rabi,46.3,23.1,44.7,7.72,0.33,17.28,9.41,25.7,42.71,284.18,15.4,23.1,263.2,10.2
sorghum,rainfed_scarcity,shallow_murrum,rabi,47.5,35.8,43.8,7.94,0.48,22.68,14.26,31.4,40.53,367.37,26.0,26.6,326.1,11.9
sorghum,well_irrigated,medium_clay_loam,rabi,75.7,24.0,31.4,8.01,0.47,20.6,12.12,27.87,48.19,293.45,23.7,31.3,292.9,12.6
sorghum,rainfed_scarcity,shallow_murrum,rabi,55.6,37.4,39.8,7.7,0.42,21.05,14.41,26.98,39.09,319.34,28.6,17.8,272.3,8.6
sorghum,rainfed_scarcity,medium_clay_loam,kharif,58.1,24.6,30.8,8.38,0.37,23.2,15.09,31.19,44.86,402.17,30.0,23.3,388.7,16.7
sorghum,well_irrigated,medium_clay_loam,kharif,61.0,33.7,42.2,7.5,0.51,18.52,11.94,24.79,47.0,310.1,22.1,32.3,304.7,13.0
sorghum,rainfed_scarcity,deep_black_vertisol,kharif,69.7,32.3,26.4,8.28,0.44,18.65,12.58,26.87,36.32,478.42,34.1,38.0,533.1,9.3
sorghum,rainfed_scarcity,deep_black_vertisol,kharif,60.1,37.0,35.2,8.17,0.41,21.67,14.1,27.11,48.09,474.39,40.7,31.0,447.9,8.4
sorghum,rainfed_scarcity,medium_clay_loam,rabi,75.2,39.3,24.2,8.22,0.49,23.16,16.81,29.21,38.66,381.95,27.1,26.4,398.1,13.9
sorghum,rainfed_scarcity,shallow_murrum,rabi,50.1,42.6,44.2,8.39,0.5,23.96,17.58,29.65,37.37,418.66,22.6,44.4,470.6,15.8
sorghum,well_irrigated,deep_black_vertisol,rabi,50.3,21.0,42.0,7.71,0.33,21.62,14.23,26.75,43.25,286.56,17.3,32.2,288.0,12.2
sorghum,rainfed_scarcity,shallow_murrum,rabi,59.4,20.5,26.8,8.2,0.45,25.05,18.26,31.28,49.48,344.61,27.5,22.0,361.1,16.4
sorghum,rainfed_scarcity,medium_clay_loam,rabi,53.0,26.9,27.9,7.52,0.37,18.51,11.69,27.15,38.13,424.05,24.0,42.6,393.2,14.9
sorghum,rainfed_scarcity,deep_black_vertisol,kharif,47.0,36.8,41.1,7.8,0.43,20.82,14.62,29.03,43.16,424.59,35.8,25.5,403.8,10.1
sorghum,rainfed_scarcity,shallow_murrum,kharif,53.1,30.2,40.7,7.63,0.43,25.67,19.26,33.24,42.37,301.86,21.5,32.7,288.0,15.9
sorghum,rainfed_scarcity,shallow_murrum,kharif,61.0,43.6,42.2,7.5,0.49,25.67,19.58,32.56,56.33,367.81,25.6,35.5,413.2,9.1
sorghum,rainfed_scarcity,shallow_murrum,rabi,57.5,24.6,36.1,7.73,0.52,17.47,10.74,24.06,63.14,310.63,26.0,17.6,286.5,8.1
sorghum,well_irrigated,shallow_murrum,rabi,70.6,37.1,40.8,7.65,0.45,23.02,16.54,29.97,44.41,308.37,20.9,14.9,325.3,10.1
sorghum,rainfed_scarcity,shallow_murrum,kharif,59.6,41.3,25.7,7.64,0.39,18.76,11.52,24.3,44.61,462.69,32.7,27.7,505.4,12.1
sorghum,well_irrigated,shallow_murrum,kharif,46.7,40.0,35.1,7.6,0.42,24.91,16.83,31.91,44.16,474.75,36.9,34.5,443.5,14.6
sorghum,rainfed_scarcity,deep_black_vertisol,rabi,51.0,33.2,27.2,8.03,0.33,23.86,17.73,28.86,38.81,466.72,38.0,41.4,532.7,16.7
sorghum,well_irrigated,medium_clay_loam,rabi,47.2,29.9,44.1,7.94,0.37,17.44,9.63,25.02,46.22,470.19,32.4,30.2,529.6,8.2
sorghum,rainfed_scarcity,shallow_murrum,rabi,53.5,36.8,24.9,8.3,0.33,24.48,17.48,32.96,38.79,415.58,25.6,40.6,470.2,13.7
sorghum,rainfed_scarcity,medium_clay_loam,kharif,46.8,37.1,30.9,7.59,0.5,25.63,18.69,31.82,54.14,337.63,12.3,33.2,291.1,10.4
sorghum,rainfed_scarcity,deep_black_vertisol,rabi,55.3,20.0,25.6,7.74,0.55,22.28,16.46,28.62,44.91,283.95,18.5,16.6,271.2,9.4
sorghum,well_irrigated,shallow_murrum,kharif,55.1,34.4,21.6,7.59,0.4,27.24,20.73,34.9,42.65,305.41,24.4,19.7,274.0,8.6
sorghum,rainfed_scarcity,shallow_murrum,kharif,76.4,38.3,29.2,7.51,0.47,27.74,19.84,36.46,59.13,312.62,19.4,27.1,357.2,10.5
sorghum,well_irrigated,deep_black_vertisol,rabi,63.4,25.1,31.3,8.2,0.45,17.16,9.97,24.97,58.78,405.82,28.5,39.3,427.4,9.5
sorghum,well_irrigated,shallow_murrum,kharif,60.9,37.1,29.0,8.07,0.31,20.69,12.53,28.9,56.48,320.85,23.1,21.2,293.0,10.5
sorghum,rainfed_scarcity,deep_black_vertisol,kharif,71.5,20.5,40.4,7.41,0.46,20.38,12.94,28.17,45.27,301.59,21.8,26.3,303.5,8.7
sorghum,well_irrigated,deep_black_vertisol,kharif,46.2,23.5,35.2,7.58,0.36,16.3,8.41,24.54,58.91,305.51,25.7,23.1,299.7,17.0
sorghum,well_irrigated,shallow_murrum,kharif,63.2,40.9,40.8,8.36,0.47,18.49,13.41,25.41,50.41,328.05,25.8,28.5,354.1,9.2
sorghum,rainfed_scarcity,deep_black_vertisol,rabi,72.8,35.4,44.6,8.04,0.52,27.35,18.63,33.88,37.36,314.37,25.8,30.5,287.1,8.6
sorghum,well_irrigated,shallow_murrum,rabi,75.2,31.6,38.6,8.02,0.5,21.18,13.04,28.03,63.23,377.27,20.2,38.8,413.7,12.6
sorghum,rainfed_scarcity,deep_black_vertisol,kharif,45.9,20.3,42.0,7.45,0.48,26.46,21.07,33.21,63.87,446.83,36.1,30.3,499.4,12.9
sorghum,well_irrigated,deep_black_vertisol,rabi,50.5,40.3,23.3,7.63,0.41,22.21,14.15,28.99,58.7,403.67,32.3,21.2,396.0,9.1
sorghum,rainfed_scarcity,deep_black_vertisol,kharif,63.8,31.7,27.3,7.68,0.43,17.93,11.56,24.22,52.61,293.34,29.6,28.2,275.0,16.3
sorghum,rainfed_scarcity,medium_clay_loam,kharif,66.2,22.2,44.0,8.12,0.5,24.45,17.09,31.25,60.75,471.37,38.1,54.0,483.2,13.0
sorghum,well_irrigated,deep_black_vertisol,kharif,74.1,41.3,30.6,7.47,0.3,22.28,15.9,31.27,58.17,432.26,31.1,23.0,464.1,17.6
sorghum,rainfed_scarcity,medium_clay_loam,kharif,67.1,42.7,30.5,8.18,0.37,24.38,19.37,32.86,35.91,422.55,34.5,25.9,422.2,8.5
sorghum,well_irrigated,shallow_murrum,kharif,60.8,20.6,36.0,7.81,0.37,18.48,10.87,25.15,40.39,417.82,34.0,20.6,442.2,13.7
sorghum,rainfed_scarcity,shallow_murrum,rabi,76.9,38.5,24.9,8.24,0.35,24.91,17.17,32.95,50.98,407.75,34.9,19.6,384.4,17.5
sorghum,well_irrigated,deep_black_vertisol,rabi,45.5,25.5,27.0,7.84,0.34,26.48,18.66,31.82,54.5,410.73,34.5,19.4,412.4,17.6
sorghum,well_irrigated,shallow_murrum,kharif,49.7,31.7,43.5,7.59,0.54,27.93,20.71,33.61,44.48,364.9,30.5,22.8,416.6,11.1
sorghum,rainfed_scarcity,deep_black_vertisol,rabi,72.5,22.9,29.0,8.37,0.53,26.61,19.8,35.04,36.45,309.7,16.3,21.2,278.4,12.1
sorghum,well_irrigated,deep_black_vertisol,kharif,50.5,30.7,33.4,7.42,0.41,25.38,17.66,32.92,62.29,283.61,20.8,29.2,287.1,13.6
sorghum,well_irrigated,shallow_murrum,rabi,55.0,43.9,38.4,8.06,0.5,17.53,9.09,24.91,45.06,443.17,31.0,23.6,508.7,16.0
sorghum,rainfed_scarcity,medium_clay_loam,kharif,65.8,39.3,40.7,7.57,0.52,23.87,15.35,30.81,51.26,463.81,34.0,35.2,432.4,17.0
sorghum,rainfed_scarcity,medium_clay_loam,kharif,51.1,25.0,27.0,8.4,0.37,19.95,12.31,26.12,41.47,311.73,21.9,31.8,339.6,11.1
sorghum,rainfed_scarcity,deep_black_vertisol,rabi,74.7,20.2,30.1,8.31,0.49,22.51,15.4,28.91,50.62,411.08,32.0,39.9,455.6,12.2
sorghum,well_irrigated,shallow_murrum,kharif,59.3,37.2,26.2,8.04,0.52,21.02,12.37,29.99,38.18,326.61,29.3,13.6,336.8,17.5
sorghum,rainfed_scarcity,medium_clay_loam,rabi,54.9,37.2,36.9,7.62,0.31,20.91,14.75,29.15,59.01,371.4,27.9,32.8,407.9,14.1
sorghum,well_irrigated,shallow_murrum,rabi,64.1,33.8,32.4,7.71,0.53,23.06,16.43,30.67,58.04,472.15,34.8,37.0,528.4,13.0
sorghum,well_irrigated,medium_clay_loam,kharif,75.8,30.8,30.3,7.44,0.42,22.65,15.41,30.48,40.32,330.44,20.9,38.3,294.4,16.1
sorghum,rainfed_scarcity,medium_clay_loam,kharif,46.2,24.3,32.5,7.99,0.34,20.79,12.17,29.78,64.62,456.33,31.1,41.9,430.2,11.9
sorghum,well_irrigated,shallow_murrum,rabi,60.0,36.5,26.6,7.41,0.43,23.27,14.42,30.63,49.14,394.68,36.5,41.9,373.7,17.3
sorghum,rainfed_scarcity,medium_clay_loam,rabi,71.2,42.6,41.6,8.07,0.35,23.65,16.63,31.52,59.99,428.54,33.9,45.4,452.0,16.5
sorghum,rainfed_scarcity,shallow_murrum,kharif,78.0,40.8,35.6,8.07,0.35,23.89,17.19,29.5,59.19,382.05,27.6,23.9,379.8,17.8
sorghum,rainfed_scarcity,deep_black_vertisol,kharif,48.1,34.8,35.0,7.82,0.41,16.65,9.58,23.67,39.49,300.77,23.5,16.8,278.3,9.2
sorghum,well_irrigated,deep_black_vertisol,kharif,57.6,25.3,29.6,8.14,0.4,24.84,19.39,33.06,42.6,329.79,21.4,15.0,282.9,13.9
sorghum,well_irrigated,shallow_murrum,rabi,51.0,26.4,26.6,7.96,0.4,27.37,21.87,36.27,41.92,434.57,36.9,37.1,430.9,11.4
sorghum,well_irrigated,deep_black_vertisol,rabi,51.5,22.8,28.5,8.36,0.43,23.53,17.11,29.82,35.69,380.07,23.4,20.0,410.2,12.8
sorghum,well_irrigated,medium_clay_loam,kharif,61.8,44.8,37.2,8.24,0.4,25.21,20.05,30.71,41.09,360.39,32.2,34.9,369.7,16.5
sorghum,rainfed_scarcity,deep_black_vertisol,kharif,53.3,35.7,27.5,8.37,0.48,17.64,10.97,24.18,51.03,448.39,28.5,20.1,469.3,13.8
sorghum,well_irrigated,medium_clay_loam,kharif,78.0,21.0,32.6,7.98,0.53,16.59,9.3,25.0,42.26,455.26,35.1,42.1,446.9,8.2
sorghum,well_irrigated,shallow_murrum,rabi,63.4,32.4,23.6,8.32,0.41,27.93,21.25,35.37,38.14,370.85,28.3,39.6,402.4,10.4
sorghum,well_irrigated,deep_black_vertisol,kharif,69.3,30.4,34.1,8.05,0.39,27.01,21.47,34.69,35.13,464.93,33.8,32.5,425.1,9.1
sorghum,rainfed_scarcity,medium_clay_loam,rabi,77.8,42.9,33.7,7.76,0.3,16.73,10.02,23.33,40.54,359.1,24.2,38.7,337.4,9.7
sorghum,rainfed_scarcity,deep_black_vertisol,kharif,56.3,34.5,21.9,8.34,0.39,26.95,18.83,34.97,53.2,405.36,33.9,48.2,433.6,14.4
sorghum,well_irrigated,medium_clay_loam,kharif,73.2,20.5,40.8,7.54,0.54,23.25,15.31,28.69,60.86,447.84,41.9,35.9,477.6,14.5
sorghum,rainfed_scarcity,medium_clay_loam,kharif,50.7,23.1,44.5,7.79,0.36,18.06,10.39,25.49,54.31,297.6,16.0,22.9,287.8,16.9
sorghum,well_irrigated,medium_clay_loam,rabi,73.4,26.7,25.4,8.23,0.55,22.68,16.57,29.28,40.1,432.38,28.7,47.6,371.0,15.7
sorghum,rainfed_scarcity,medium_clay_loam,kharif,56.9,39.6,24.8,8.04,0.46,27.45,19.35,35.66,50.95,317.36,31.5,28.1,307.3,12.3
sorghum,well_irrigated,shallow_murrum,rabi,64.4,28.2,38.0,8.04,0.38,25.06,17.46,32.61,51.6,282.28,23.3,19.8,319.8,15.0
sorghum,rainfed_scarcity,shallow_murrum,kharif,61.1,36.1,37.0,7.96,0.46,17.16,8.35,25.32,46.22,392.56,32.8,33.3,396.3,8.5
sorghum,well_irrigated,shallow_murrum,rabi,62.4,34.5,27.2,7.77,0.32,16.63,10.61,21.92,38.11,442.59,35.0,41.0,412.4,8.4
sorghum,well_irrigated,deep_black_vertisol,rabi,63.7,22.5,41.8,7.91,0.5,20.42,14.92,25.58,43.45,328.85,24.7,23.5,336.5,13.6
sorghum,rainfed_scarcity,medium_clay_loam,kharif,79.5,23.5,30.7,7.82,0.4,23.97,17.01,31.04,47.97,478.34,34.2,30.9,422.6,17.3
sorghum,well_irrigated,deep_black_vertisol,kharif,55.2,28.9,43.5,8.11,0.37,22.97,14.2,31.22,57.25,427.4,29.8,48.9,410.0,9.8
sorghum,well_irrigated,shallow_murrum,rabi,71.3,30.6,32.9,7.77,0.49,25.41,17.36,33.3,41.14,347.59,29.3,23.1,374.2,12.7
sorghum,rainfed_scarcity,shallow_murrum,kharif,66.9,41.4,40.1,7.44,0.39,16.42,11.01,23.82,61.21,303.96,29.0,24.9,272.8,12.5
sorghum,well_irrigated,deep_black_vertisol,rabi,49.7,27.3,23.6,8.21,0.36,24.61,15.84,31.72,51.2,372.21,28.4,29.1,383.7,11.3
sorghum,rainfed_scarcity,deep_black_vertisol,rabi,75.2,42.2,31.7,8.06,0.52,20.72,11.87,27.38,53.03,421.96,34.9,34.5,392.7,17.5
sorghum,well_irrigated,shallow_murrum,kharif,72.9,31.9,39.8,7.76,0.53,22.41,15.02,27.53,40.11,406.59,27.1,32.8,353.3,12.2
sorghum,well_irrigated,deep_black_vertisol,kharif,64.0,32.4,23.4,7.9,0.34,17.51,8.78,24.93,54.78,360.36,32.1,25.0,410.1,17.1
sorghum,well_irrigated,shallow_murrum,rabi,63.7,28.7,23.3,7.67,0.41,16.36,8.28,23.85,53.04,389.21,31.8,44.7,331.8,13.9
sorghum,rainfed_scarcity,shallow_murrum,rabi,59.3,22.8,36.9,8.1,0.48,24.74,19.74,33.56,59.43,460.8,37.4,53.3,452.9,8.2
sorghum,well_irrigated,medium_clay_loam,kharif,77.6,21.9,32.5,8.09,0.5,23.0,14.36,31.76,36.93,360.47,34.3,23.9,364.5,8.2
sorghum,well_irrigated,medium_clay_loam,rabi,49.5,22.3,34.7,7.93,0.37,26.79,18.08,33.4,61.71,356.79,22.5,40.8,351.9,15.4
sorghum,well_irrigated,deep_black_vertisol,kharif,50.4,35.6,28.5,7.53,0.4,16.18,7.81,23.23,39.17,327.4,24.3,18.0,304.7,12.5
sorghum,rainfed_scarcity,deep_black_vertisol,kharif,46.5,35.8,26.2,7.7,0.49,19.93,13.96,25.6,58.25,305.94,30.9,27.7,334.5,12.5
sorghum,rainfed_scarcity,deep_black_vertisol,kharif,64.8,43.9,28.0,7.62,0.47,25.1,19.2,30.41,59.32,475.3,35.9,29.6,546.1,14.4
sorghum,rainfed_scarcity,medium_clay_loam,kharif,73.9,40.4,43.4,8.24,0.46,23.31,16.44,30.82,58.86,473.81,29.3,44.3,492.3,12.7
sorghum,well_irrigated,deep_black_vertisol,kharif,78.0,22.5,26.6,7.9,0.51,22.06,14.07,27.62,42.57,426.36,40.3,29.0,396.3,9.6
sorghum,well_irrigated,deep_black_vertisol,kharif,64.4,42.6,35.1,7.89,0.5,27.37,20.95,33.37,53.49,379.77,25.3,44.9,418.9,17.9
sorghum,well_irrigated,medium_clay_loam,kharif,73.3,37.4,39.1,7.84,0.48,20.64,14.79,28.17,64.28,342.12,25.4,32.1,346.4,12.6
sorghum,rainfed_scarcity,deep_black_vertisol,rabi,47.0,45.0,38.8,8.26,0.46,26.28,20.83,32.67,61.29,320.33,26.2,17.0,354.4,8.8
sorghum,well_irrigated,deep_black_vertisol,rabi,49.0,33.7,37.7,7.45,0.32,25.63,17.4,31.61,53.46,368.64,29.5,40.2,322.2,14.3
sorghum,well_irrigated,deep_black_vertisol,kharif,53.6,37.4,30.2,8.28,0.37,16.14,9.94,23.45,46.28,386.97,28.1,29.8,392.7,16.8
sorghum,well_irrigated,shallow_murrum,rabi,70.2,22.4,35.8,7.69,0.49,22.48,16.96,29.58,46.87,316.07,25.3,12.9,298.3,16.4
sorghum,well_irrigated,medium_clay_loam,rabi,53.1,33.4,25.0,7.91,0.34,24.05,16.04,29.49,49.03,294.17,22.9,23.9,331.6,14.0
sorghum,well_irrigated,deep_black_vertisol,rabi,58.1,44.6,20.8,8.4,0.46,22.7,17.47,28.8,62.74,350.85,19.5,42.1,325.9,14.6
sorghum,rainfed_scarcity,medium_clay_loam,kharif,50.2,31.4,29.6,8.11,0.32,27.67,22.61,35.07,51.88,306.94,24.1,19.2,301.2,9.5
sorghum,well_irrigated,shallow_murrum,kharif,54.0,29.5,41.8,8.06,0.39,24.2,19.13,32.15,49.61,442.64,34.0,50.5,497.0,17.5
sorghum,rainfed_scarcity,deep_black_vertisol,rabi,56.1,38.1,23.0,7.57,0.38,23.13,15.54,29.71,37.34,354.73,22.9,14.4,381.6,14.9
sorghum,rainfed_scarcity,deep_black_vertisol,kharif,45.2,24.7,22.5,7.76,0.43,16.52,10.13,22.24,54.41,372.85,29.8,27.7,423.9,13.0
sorghum,well_irrigated,shallow_murrum,rabi,48.3,43.8,44.5,7.95,0.54,18.15,13.05,23.31,52.63,292.33,20.2,30.9,267.7,17.6
sorghum,well_irrigated,shallow_murrum,kharif,70.2,33.2,29.9,7.72,0.45,27.27,19.58,32.57,48.82,458.16,31.2,54.6,519.9,8.9
sorghum,well_irrigated,medium_clay_loam,rabi,50.4,25.7,25.6,7.42,0.45,24.05,16.64,29.33,37.08,322.08,22.1,14.0,311.8,10.9
sorghum,well_irrigated,medium_clay_loam,rabi,61.5,43.9,22.9,8.35,0.48,23.65,16.07,31.96,38.21,380.95,30.3,33.1,419.0,15.0
sorghum,rainfed_scarcity,deep_black_vertisol,kharif,53.7,36.5,37.7,7.41,0.41,26.12,19.16,32.36,61.15,311.18,19.1,30.2,279.2,10.1
sorghum,well_irrigated,deep_black_vertisol,kharif,52.7,26.9,33.7,7.54,0.33,27.33,19.11,33.05,47.2,351.12,31.7,28.4,311.9,15.9
sorghum,well_irrigated,shallow_murrum,kharif,69.8,23.8,42.9,7.46,0.31,18.25,9.61,25.33,58.64,325.57,28.7,13.6,300.5,12.9
sorghum,well_irrigated,shallow_murrum,rabi,61.4,30.1,31.2,8.37,0.51,24.48,18.31,30.14,62.64,364.62,25.5,28.3,410.3,10.8
sorghum,rainfed_scarcity,deep_black_vertisol,rabi,73.1,30.7,25.8,8.39,0.54,26.12,18.37,32.3,62.4,335.11,25.9,34.9,364.4,16.0
sorghum,rainfed_scarcity,medium_clay_loam,kharif,48.3,32.7,24.1,7.82,0.51,27.85,21.57,34.97,50.34,470.88,38.3,45.2,530.5,12.8
sorghum,well_irrigated,shallow_murrum,rabi,51.8,36.0,40.4,7.96,0.36,19.15,13.99,25.37,57.34,289.5,25.6,22.1,306.7,10.2
sorghum,rainfed_scarcity,medium_clay_loam,rabi,59.8,30.6,23.5,7.91,0.45,21.72,15.42,29.6,37.24,462.89,37.5,54.2,457.7,8.2
sorghum,well_irrigated,deep_black_vertisol,kharif,58.4,40.9,44.2,7.84,0.4,26.16,19.45,33.37,41.93,428.7,34.4,24.5,456.4,13.3
sorghum,rainfed_scarcity,shallow_murrum,rabi,62.6,44.1,43.5,8.27,0.42,17.69,11.82,25.28,47.65,309.36,25.7,12.8,331.1,12.8
sorghum,well_irrigated,shallow_murrum,rabi,70.1,39.3,31.6,8.11,0.48,17.66,8.79,25.94,41.13,317.23,25.4,24.6,344.2,9.3
sorghum,rainfed_scarcity,medium_clay_loam,kharif,70.4,32.8,35.5,7.8,0.49,21.1,14.27,28.17,59.95,411.88,28.5,38.6,429.5,11.5
sorghum,rainfed_scarcity,shallow_murrum,rabi,67.7,28.5,39.5,7.98,0.55,18.97,13.65,24.25,54.2,467.85,38.6,46.1,447.6,8.0
sorghum,rainfed_scarcity,medium_clay_loam,kharif,71.4,26.7,31.9,8.22,0.37,18.22,10.5,25.36,50.43,331.35,29.9,24.1,292.2,8.3
sorghum,well_irrigated,shallow_murrum,rabi,69.3,43.4,33.6,8.17,0.32,18.53,11.53,23.61,42.59,383.48,29.2,32.9,432.5,8.1
sorghum,rainfed_scarcity,deep_black_vertisol,rabi,49.8,25.9,39.4,8.37,0.42,19.66,12.95,25.88,42.69,398.75,23.0,24.2,418.1,8.2
sorghum,well_irrigated,deep_black_vertisol,kharif,55.3,41.9,39.1,7.42,0.43,19.3,11.7,27.18,60.89,375.08,20.6,25.9,320.2,17.9
sorghum,rainfed_scarcity,shallow_murrum,rabi,66.1,42.9,21.3,7.56,0.5,20.3,14.83,29.29,58.62,361.75,32.7,34.2,393.2,16.2
sorghum,rainfed_scarcity,shallow_murrum,rabi,57.9,34.8,32.6,8.05,0.54,16.67,9.37,25.12,49.44,295.71,18.5,31.9,297.6,13.6
sorghum,well_irrigated,medium_clay_loam,rabi,69.3,20.1,30.7,7.6,0.53,18.1,11.95,25.16,42.9,321.97,22.3,15.2,279.3,14.0
sorghum,rainfed_scarcity,shallow_murrum,kharif,70.7,34.4,40.6,7.96,0.54,18.61,10.75,25.09,43.37,316.08,21.2,37.7,344.7,13.5
sorghum,well_irrigated,shallow_murrum,kharif,70.1,37.0,40.8,7.44,0.31,20.48,14.88,27.71,62.52,358.3,24.5,14.3,322.7,16.4
sorghum,well_irrigated,deep_black_vertisol,kharif,76.8,22.4,35.2,7.85,0.53,17.47,11.62,22.59,48.02,335.57,31.5,27.7,294.5,16.7
sorghum,well_irrigated,deep_black_vertisol,kharif,69.0,39.4,27.8,7.97,0.55,26.78,17.97,33.32,58.61,403.98,36.2,42.8,425.4,8.8
sorghum,rainfed_scarcity,shallow_murrum,kharif,55.1,26.3,28.3,7.67,0.43,21.28,14.23,28.97,46.61,330.26,29.9,33.2,346.8,9.7
sorghum,rainfed_scarcity,shallow_murrum,kharif,72.5,39.2,41.4,7.4,0.39,24.85,17.45,30.56,44.11,347.36,22.9,37.0,392.4,13.7
sorghum,rainfed_scarcity,deep_black_vertisol,rabi,51.5,32.1,40.8,8.35,0.46,20.25,12.83,26.49,62.29,454.08,29.3,19.4,497.1,13.6
sorghum,rainfed_scarcity,medium_clay_loam,rabi,78.2,32.1,42.7,8.24,0.34,24.5,17.76,30.5,55.61,428.53,28.1,48.5,460.8,9.8
sorghum,rainfed_scarcity,medium_clay_loam,rabi,46.1,36.1,39.1,8.16,0.52,24.75,16.04,31.08,50.1,282.82,19.7,17.2,255.4,8.1
sorghum,rainfed_scarcity,deep_black_vertisol,kharif,70.8,23.8,42.8,8.29,0.46,24.07,19.05,33.01,61.33,459.02,33.5,31.0,513.2,14.6
onion,well_irrigated,deep_black_vertisol,rabi,123.3,53.0,94.7,7.21,0.52,25.48,18.6,30.94,56.03,356.36,25.4,28.9,317.5,13.1
onion,canal_command,deep_black_vertisol,kharif,118.8,53.2,67.7,7.38,0.46,25.0,19.08,30.59,64.61,520.3,46.5,41.8,581.8,14.0
onion,canal_command,medium_clay_loam,summer,89.6,42.2,68.5,7.29,0.57,25.6,18.28,31.63,72.26,355.29,30.4,26.0,303.8,10.8
onion,well_irrigated,deep_black_vertisol,rabi,117.9,45.7,63.9,7.31,0.54,28.16,19.85,34.7,62.67,530.2,42.9,28.3,605.3,9.9
onion,well_irrigated,medium_clay_loam,kharif,100.4,45.3,74.3,7.44,0.57,26.1,18.57,32.95,61.68,421.21,26.1,39.4,452.4,8.2
onion,well_irrigated,medium_clay_loam,summer,117.7,40.5,65.0,7.82,0.62,18.88,10.59,25.85,70.4,500.18,40.3,59.8,460.0,13.5
onion,canal_command,deep_black_vertisol,rabi,86.2,52.2,80.0,7.78,0.61,18.78,12.55,24.93,72.45,566.95,42.2,30.7,563.1,11.0
onion,well_irrigated,deep_black_vertisol,rabi,98.3,50.9,60.2,7.52,0.64,27.94,21.29,35.01,46.01,518.61,43.7,39.2,576.7,11.2
onion,well_irrigated,deep_black_vertisol,rabi,87.0,52.8,64.7,7.33,0.46,27.15,20.44,34.66,66.83,519.83,32.8,47.4,519.0,11.8
onion,canal_command,deep_black_vertisol,summer,80.7,50.6,62.5,7.22,0.57,26.16,20.82,33.0,67.31,596.45,39.1,35.5,635.2,13.3
onion,canal_command,deep_black_vertisol,summer,95.3,48.0,61.4,7.34,0.63,20.01,14.89,27.52,74.28,432.8,35.9,44.5,448.7,8.9
onion,well_irrigated,medium_clay_loam,rabi,115.3,47.3,66.3,7.37,0.65,28.42,20.89,35.31,65.16,501.81,38.2,35.3,484.2,11.3
onion,canal_command,medium_clay_loam,summer,102.6,64.2,58.4,7.44,0.55,18.2,11.74,24.3,60.18,434.1,28.2,43.4,381.9,13.8
onion,well_irrigated,deep_black_vertisol,rabi,115.0,46.3,56.6,7.48,0.67,18.14,10.79,25.15,71.2,371.0,27.9,35.0,389.8,13.5
onion,canal_command,deep_black_vertisol,rabi,84.4,63.9,91.9,7.24,0.53,27.76,20.31,35.87,66.57,474.19,33.3,41.9,516.9,8.3
onion,well_irrigated,medium_clay_loam,kharif,102.8,58.7,81.7,7.89,0.61,19.97,11.15,27.64,46.78,514.39,39.0,44.3,491.9,15.1
onion,canal_command,medium_clay_loam,rabi,123.7,49.0,56.8,7.79,0.66,27.85,22.34,36.84,52.76,531.05,40.9,34.4,607.0,15.3
onion,canal_command,medium_clay_loam,rabi,89.6,49.7,92.6,7.5,0.58,18.96,10.8,25.66,69.02,413.45,30.3,42.6,472.2,11.4
onion,well_irrigated,medium_clay_loam,kharif,91.6,52.3,89.9,7.7,0.58,19.07,11.29,24.73,68.59,412.51,34.6,20.7,420.6,11.3
onion,canal_command,deep_black_vertisol,kharif,121.5,64.4,89.9,7.36,0.45,23.9,16.78,29.71,53.54,541.29,39.1,35.4,561.2,11.8
onion,well_irrigated,deep_black_vertisol,kharif,85.0,55.8,90.2,7.82,0.67,28.41,23.4,34.93,69.56,441.56,26.6,49.6,442.0,12.8
onion,well_irrigated,medium_clay_loam,summer,109.6,55.8,57.1,7.37,0.63,18.6,10.18,26.23,58.03,436.61,37.9,46.3,389.8,8.2
onion,well_irrigated,deep_black_vertisol,rabi,124.7,62.2,76.7,7.65,0.58,18.61,10.63,25.64,64.43,475.66,33.5,25.1,432.2,11.9
onion,canal_command,medium_clay_loam,kharif,120.9,54.2,56.7,7.32,0.65,24.75,15.95,30.04,53.86,398.39,26.7,28.1,357.4,12.4
onion,well_irrigated,medium_clay_loam,summer,93.7,52.0,84.8,7.34,0.52,22.15,14.17,30.54,56.29,424.16,29.0,31.7,378.9,15.1
onion,well_irrigated,deep_black_vertisol,rabi,118.0,61.3,93.9,7.39,0.61,22.73,15.02,29.64,74.81,532.23,45.8,56.8,596.6,15.6
onion,well_irrigated,deep_black_vertisol,kharif,93.5,43.6,78.3,7.32,0.55,23.53,18.45,28.6,60.61,524.01,38.9,47.1,577.5,15.5
onion,canal_command,deep_black_vertisol,rabi,115.7,50.9,66.8,7.24,0.56,22.27,16.26,30.04,68.08,411.2,28.3,44.4,350.7,8.4
onion,well_irrigated,deep_black_vertisol,kharif,106.7,43.5,56.0,7.76,0.59,26.53,20.32,33.57,67.42,465.64,32.4,21.1,470.1,12.8
onion,well_irrigated,medium_clay_loam,summer,101.6,51.3,75.5,7.7,0.51,19.46,12.23,25.77,58.27,511.74,41.0,45.9,518.5,12.0
onion,well_irrigated,deep_black_vertisol,rabi,106.7,57.0,89.9,7.5,0.54,27.17,19.84,32.45,71.76,357.7,27.3,26.6,339.5,14.0
onion,well_irrigated,medium_clay_loam,summer,109.6,60.5,88.0,7.25,0.49,21.73,15.45,29.37,63.69,473.65,33.2,33.4,479.8,9.7
onion,well_irrigated,medium_clay_loam,summer,109.2,58.7,75.4,7.27,0.65,21.72,12.83,27.19,73.75,372.75,28.2,40.3,365.4,9.8
onion,well_irrigated,deep_black_vertisol,kharif,111.5,61.1,66.9,7.45,0.66,28.81,19.91,37.42,48.82,555.93,41.2,66.3,551.3,11.3
onion,well_irrigated,medium_clay_loam,rabi,103.9,44.0,67.8,7.36,0.65,23.78,16.53,31.16,64.19,473.89,31.4,44.7,410.9,8.1
onion,well_irrigated,deep_black_vertisol,rabi,127.4,48.4,68.0,7.85,0.55,29.55,24.46,35.78,64.99,572.71,40.8,65.5,588.9,10.1
onion,well_irrigated,deep_black_vertisol,rabi,123.7,43.4,61.9,7.45,0.52,25.38,16.77,34.23,64.61,559.54,42.5,47.2,600.2,12.2
onion,well_irrigated,medium_clay_loam,rabi,114.1,61.2,82.7,7.85,0.61,27.18,21.5,33.85,59.55,414.07,25.2,26.2,437.4,12.2
onion,canal_command,deep_black_vertisol,summer,129.2,49.8,69.5,7.42,0.66,23.96,16.56,29.68,61.23,418.66,33.5,41.2,420.2,13.8
onion,canal_command,medium_clay_loam,rabi,112.6,46.5,57.8,7.49,0.56,21.08,13.17,26.37,51.68,537.14,43.5,51.8,548.0,11.5
onion,well_irrigated,medium_clay_loam,summer,80.7,48.8,60.7,7.85,0.47,22.65,16.75,31.04,54.26,597.97,43.5,62.7,665.9,8.3
onion,well_irrigated,deep_black_vertisol,summer,98.5,44.6,72.7,7.32,0.68,19.15,11.8,26.66,61.14,515.55,36.9,43.5,482.6,8.9
onion,well_irrigated,deep_black_vertisol,kharif,124.9,46.1,69.1,7.87,0.58,22.39,13.59,28.71,47.85,599.21,44.0,59.0,603.6,10.1
onion,well_irrigated,medium_clay_loam,rabi,98.2,61.3,85.3,7.63,0.53,20.52,12.41,27.46,51.74,398.79,30.9,40.7,366.4,9.3
onion,well_irrigated,medium_clay_loam,rabi,80.9,60.8,62.0,7.56,0.51,26.67,20.39,34.57,53.55,538.12,40.3,23.5,487.4,8.2
onion,canal_command,medium_clay_loam,rabi,115.3,45.7,86.8,7.64,0.59,22.24,15.31,29.63,59.17,524.58,32.0,29.5,479.6,11.5
onion,canal_command,medium_clay_loam,kharif,120.3,44.1,72.7,7.55,0.52,23.78,17.51,30.22,65.08,508.15,26.9,35.6,539.7,9.9
onion,canal_command,deep_black_vertisol,rabi,97.0,50.2,68.9,7.73,0.47,22.21,13.87,27.48,73.27,596.58,46.3,37.8,573.7,8.7
onion,canal_command,deep_black_vertisol,kharif,118.8,48.0,69.3,7.38,0.51,29.39,21.84,35.01,66.67,530.51,38.7,25.8,580.9,13.3
onion,well_irrigated,medium_clay_loam,kharif,81.3,63.1,89.1,7.57,0.5,19.46,13.01,25.48,60.2,591.6,40.2,65.8,618.4,12.6
onion,well_irrigated,medium_clay_loam,kharif,120.0,53.1,77.0,7.27,0.48,26.12,18.42,35.04,66.36,473.31,35.0,29.8,417.2,14.9
onion,well_irrigated,deep_black_vertisol,kharif,120.7,55.2,93.0,7.44,0.47,24.08,18.73,32.96,46.16,538.38,36.6,37.4,468.3,12.2
onion,canal_command,medium_clay_loam,summer,94.0,62.8,67.2,7.51,0.58,19.2,10.47,25.7,47.42,446.82,41.3,19.9,417.9,12.8
onion,canal_command,deep_black_vertisol,kharif,92.8,44.4,82.6,7.79,0.56,24.38,18.17,31.36,48.96,588.96,44.7,55.0,595.7,14.4
onion,well_irrigated,medium_clay_loam,kharif,88.0,56.2,92.2,7.31,0.49,23.2,14.98,29.38,52.62,504.99,35.8,59.4,532.0,12.3
onion,well_irrigated,deep_black_vertisol,summer,117.5,45.4,88.4,7.49,0.58,28.48,20.02,34.96,51.27,543.79,49.4,30.1,609.8,11.5
onion,well_irrigated,deep_black_vertisol,kharif,80.1,46.1,68.0,7.88,0.66,29.39,21.09,35.8,72.18,595.42,46.0,32.7,511.9,10.8
onion,well_irrigated,medium_clay_loam,summer,100.2,57.6,77.3,7.8,0.52,24.28,17.34,30.7,71.74,391.47,22.7,33.7,410.0,9.2
onion,well_irrigated,medium_clay_loam,kharif,99.5,50.3,61.4,7.85,0.45,28.73,20.19,34.99,66.13,413.2,23.8,29.8,436.7,14.1
onion,canal_command,deep_black_vertisol,summer,123.5,57.0,81.4,7.63,0.65,23.76,15.28,30.2,72.8,524.66,41.5,44.7,529.9,10.1
onion,well_irrigated,medium_clay_loam,rabi,95.7,41.3,92.9,7.65,0.65,26.11,19.68,33.16,65.27,590.06,46.3,42.4,670.3,10.0
onion,canal_command,medium_clay_loam,kharif,113.3,41.8,83.2,7.22,0.64,23.59,18.22,31.42,59.68,397.74,30.6,29.2,348.3,8.1
onion,well_irrigated,deep_black_vertisol,rabi,110.4,46.4,92.0,7.74,0.58,26.35,17.65,34.2,56.05,528.26,34.0,28.2,452.7,8.3
onion,well_irrigated,medium_clay_loam,rabi,123.3,43.3,78.8,7.51,0.55,21.03,14.54,26.46,52.55,417.99,24.5,18.3,437.0,13.8
onion,canal_command,medium_clay_loam,kharif,96.7,52.7,76.3,7.39,0.66,22.42,17.24,28.62,60.93,452.06,34.7,54.1,428.9,10.2
onion,well_irrigated,medium_clay_loam,kharif,99.0,51.0,73.8,7.74,0.47,27.23,19.47,35.19,67.03,467.65,34.1,38.8,531.9,9.7
onion,well_irrigated,medium_clay_loam,kharif,116.6,64.7,65.9,7.81,0.63,22.35,14.41,27.76,68.68,483.08,41.2,27.4,415.0,10.3
onion,well_irrigated,medium_clay_loam,rabi,88.6,60.4,71.1,7.85,0.67,19.38,10.55,25.85,64.39,358.69,32.4,32.8,374.1,15.1
onion,well_irrigated,deep_black_vertisol,kharif,100.5,61.7,84.7,7.86,0.67,22.59,15.8,28.61,64.82,441.14,29.0,23.3,376.8,14.3
onion,canal_command,medium_clay_loam,summer,81.1,55.2,69.7,7.49,0.64,21.72,12.95,27.44,64.88,518.03,40.3,34.2,570.1,10.0
onion,well_irrigated,deep_black_vertisol,kharif,106.7,41.5,63.3,7.54,0.47,28.12,20.25,36.89,65.8,585.1,45.1,53.5,502.7,12.4
onion,canal_command,medium_clay_loam,summer,111.7,54.2,70.3,7.43,0.5,24.43,15.75,32.17,67.33,558.59,42.2,25.2,579.1,10.8
onion,canal_command,deep_black_vertisol,kharif,117.0,59.6,67.1,7.56,0.59,27.83,19.79,36.79,45.24,459.37,32.4,20.5,397.7,10.0
onion,well_irrigated,deep_black_vertisol,kharif,102.1,41.6,71.1,7.74,0.66,22.96,16.27,30.77,73.28,416.77,34.6,43.2,430.5,11.5
onion,canal_command,medium_clay_loam,summer,107.9,40.8,73.5,7.52,0.58,26.05,20.97,33.06,62.65,435.84,29.8,51.0,416.0,13.3
onion,well_irrigated,deep_black_vertisol,kharif,107.7,57.9,90.9,7.83,0.53,29.43,24.33,35.94,71.87,418.66,27.1,26.9,432.8,10.2
onion,well_irrigated,medium_clay_loam,summer,109.7,45.2,68.0,7.65,0.65,24.39,16.36,32.45,64.93,411.46,28.6,24.5,444.2,14.9
onion,well_irrigated,deep_black_vertisol,kharif,92.3,64.1,55.3,7.82,0.5,29.37,23.0,36.13,66.21,496.92,36.9,41.9,531.3,10.5
onion,canal_command,deep_black_vertisol,summer,95.3,60.9,67.4,7.49,0.53,19.4,14.24,27.29,64.35,420.59,37.2,41.6,395.0,10.4
onion,canal_command,deep_black_vertisol,kharif,121.9,58.3,81.6,7.29,0.6,27.27,18.82,32.32,65.53,354.77,26.1,32.2,317.3,13.7
onion,well_irrigated,deep_black_vertisol,rabi,81.4,60.8,60.6,7.82,0.62,19.98,12.71,26.23,50.35,564.8,37.7,39.9,627.8,11.2
onion,canal_command,medium_clay_loam,summer,127.3,43.6,62.1,7.8,0.54,18.05,11.96,25.44,68.98,383.35,27.3,43.6,412.2,8.9
onion,well_irrigated,medium_clay_loam,kharif,98.0,40.4,62.7,7.73,0.67,19.05,11.82,25.06,49.17,404.75,29.9,20.6,377.1,12.6
onion,well_irrigated,medium_clay_loam,kharif,103.3,45.7,63.0,7.5,0.62,25.26,17.51,31.39,59.44,361.1,24.2,43.0,351.0,14.5
onion,canal_command,deep_black_vertisol,summer,95.6,64.8,72.8,7.64,0.48,26.8,20.72,33.59,71.49,592.64,46.0,46.9,662.0,11.4
onion,well_irrigated,deep_black_vertisol,rabi,86.0,50.4,57.9,7.27,0.55,21.66,12.96,28.17,67.74,482.56,40.3,29.3,546.5,13.6
onion,well_irrigated,medium_clay_loam,kharif,98.3,42.5,81.9,7.21,0.56,20.31,12.8,29.23,58.93,554.37,44.7,61.6,601.9,12.1
onion,well_irrigated,medium_clay_loam,summer,95.0,64.0,80.3,7.59,0.61,23.01,14.98,29.58,69.79,416.82,31.2,34.1,408.2,10.2
onion,well_irrigated,deep_black_vertisol,kharif,101.2,47.7,91.2,7.81,0.5,18.97,11.47,25.32,65.16,358.03,22.7,38.9,310.6,9.1
onion,well_irrigated,medium_clay_loam,summer,121.1,53.5,63.9,7.48,0.68,27.4,20.1,32.86,57.53,415.76,33.9,34.7,464.3,8.6
onion,well_irrigated,medium_clay_loam,kharif,100.0,59.0,74.3,7.86,0.52,22.99,14.84,30.17,61.41,363.34,30.0,34.2,346.0,11.2
onion,well_irrigated,deep_black_vertisol,kharif,85.5,63.7,74.5,7.55,0.59,18.04,9.32,24.49,56.91,393.53,28.1,41.1,428.9,11.0
onion,canal_command,deep_black_vertisol,rabi,114.3,40.4,63.6,7.25,0.58,27.08,21.64,35.43,61.67,522.49,38.1,56.5,586.2,15.8
onion,canal_command,deep_black_vertisol,kharif,117.2,48.5,73.1,7.27,0.47,23.55,17.34,31.0,46.29,380.44,24.7,32.5,404.6,14.9
onion,canal_command,deep_black_vertisol,rabi,114.0,55.2,77.6,7.8,0.64,19.47,11.07,26.12,52.61,567.44,40.1,22.9,566.7,11.5
onion,canal_command,medium_clay_loam,summer,120.4,53.0,84.0,7.46,0.46,28.85,23.34,37.64,62.16,426.39,35.2,34.2,365.4,12.0
onion,canal_command,medium_clay_loam,summer,112.0,56.6,71.6,7.23,0.63,26.14,19.25,34.74,55.08,423.58,32.1,21.4,387.4,15.0
onion,canal_command,deep_black_vertisol,summer,86.5,48.0,57.2,7.69,0.65,25.63,16.88,31.14,47.63,559.6,47.7,59.6,609.8,14.8
onion,well_irrigated,deep_black_vertisol,summer,126.4,47.7,70.9,7.69,0.52,27.83,22.55,35.99,63.06,493.25,35.9,37.5,505.6,11.7
onion,well_irrigated,medium_clay_loam,kharif,87.3,57.5,55.9,7.8,0.61,27.22,18.87,32.71,69.67,476.16,28.7,52.8,408.2,15.1
onion,canal_command,deep_black_vertisol,summer,100.1,40.4,87.6,7.45,0.58,18.89,13.19,27.45,63.26,587.57,38.3,63.9,675.5,16.0
onion,well_irrigated,medium_clay_loam,summer,90.8,41.1,67.2,7.69,0.67,18.92,13.81,27.46,67.44,598.06,41.2,43.8,539.3,11.2
onion,canal_command,medium_clay_loam,summer,106.7,45.5,61.6,7.37,0.57,21.25,12.46,28.11,46.76,532.32,34.7,45.6,575.8,10.6
onion,well_irrigated,medium_clay_loam,kharif,82.2,44.2,59.7,7.33,0.67,24.62,17.75,33.56,61.71,515.28,42.2,36.4,529.9,10.7
onion,canal_command,deep_black_vertisol,summer,89.8,40.4,76.5,7.59,0.54,21.22,13.62,26.76,60.56,542.02,43.9,24.3,463.8,9.3
onion,canal_command,medium_clay_loam,rabi,89.6,58.6,60.1,7.27,0.61,20.51,14.28,27.41,58.48,527.14,42.7,48.3,561.0,13.0
onion,canal_command,medium_clay_loam,kharif,118.4,54.8,67.4,7.9,0.46,19.95,11.38,25.19,71.6,528.81,45.8,45.8,598.0,8.3
onion,well_irrigated,medium_clay_loam,kharif,84.2,63.6,75.7,7.25,0.64,28.42,20.86,35.21,64.87,526.67,37.8,61.3,528.9,15.1
onion,well_irrigated,deep_black_vertisol,summer,87.6,40.5,89.8,7.34,0.46,19.92,13.38,25.8,54.16,593.82,42.4,58.5,636.5,13.6
onion,well_irrigated,medium_clay_loam,kharif,120.9,40.1,94.7,7.33,0.56,28.46,22.56,35.37,48.98,448.77,34.8,31.0,431.7,9.4
onion,well_irrigated,deep_black_vertisol,rabi,85.7,58.1,57.1,7.22,0.47,29.59,20.82,35.36,49.85,410.13,25.0,41.2,386.7,12.1
onion,canal_command,deep_black_vertisol,kharif,125.5,44.7,87.2,7.29,0.51,20.92,12.41,26.72,68.61,465.45,36.4,49.9,498.9,16.0
onion,canal_command,medium_clay_loam,summer,118.9,42.3,61.9,7.21,0.59,28.64,20.96,37.57,46.89,575.75,45.6,63.6,620.3,14.5
onion,well_irrigated,medium_clay_loam,summer,100.4,54.1,86.7,7.39,0.59,27.94,20.11,34.85,62.54,597.17,43.5,61.4,637.8,12.8
onion,well_irrigated,deep_black_vertisol,rabi,129.3,50.0,68.3,7.64,0.64,29.24,21.03,35.95,64.05,564.07,40.0,22.6,601.0,11.9
onion,canal_command,medium_clay_loam,summer,127.9,51.0,80.8,7.62,0.53,23.33,18.07,31.51,52.22,465.13,32.9,39.5,509.5,11.8
onion,well_irrigated,medium_clay_loam,summer,128.7,57.0,71.7,7.69,0.62,27.36,20.45,34.08,45.33,581.64,46.2,61.6,534.7,12.8
onion,well_irrigated,deep_black_vertisol,rabi,85.1,58.4,73.0,7.43,0.65,25.12,18.05,33.1,69.47,521.52,37.2,36.7,564.0,11.5
onion,well_irrigated,medium_clay_loam,kharif,84.7,52.1,58.6,7.29,0.51,28.31,19.62,36.62,55.02,418.11,34.9,45.0,440.5,12.4
onion,well_irrigated,medium_clay_loam,rabi,125.7,64.2,88.9,7.42,0.5,24.58,17.77,33.09,48.0,414.44,33.1,19.7,392.2,14.0
onion,canal_command,deep_black_vertisol,summer,122.1,50.8,71.1,7.22,0.61,27.69,20.04,33.3,48.1,493.21,38.8,48.3,480.2,11.2
onion,canal_command,medium_clay_loam,summer,87.8,64.0,56.5,7.88,0.45,28.48,22.25,37.24,54.51,513.58,38.2,30.5,555.7,8.6
onion,well_irrigated,medium_clay_loam,summer,86.4,62.6,76.0,7.75,0.48,29.13,20.85,35.03,71.23,415.86,32.8,47.1,394.5,9.6
onion,well_irrigated,deep_black_vertisol,summer,122.7,64.4,72.6,7.24,0.62,24.78,17.99,31.02,60.07,434.67,31.7,36.3,483.8,14.1
onion,well_irrigated,deep_black_vertisol,summer,122.6,53.9,63.3,7.64,0.53,28.13,21.32,36.04,47.87,449.01,31.9,27.9,426.1,15.9
onion,well_irrigated,deep_black_vertisol,summer,116.3,52.7,71.1,7.48,0.5,18.21,10.91,24.06,51.25,381.35,30.2,16.2,401.3,9.5
onion,well_irrigated,deep_black_vertisol,summer,123.2,48.1,73.6,7.49,0.48,29.49,22.88,38.0,50.68,486.97,38.3,43.9,421.5,8.2
onion,well_irrigated,deep_black_vertisol,kharif,120.4,41.3,57.8,7.51,0.51,26.95,19.41,35.04,54.74,535.13,46.0,36.2,509.4,14.9
onion,well_irrigated,deep_black_vertisol,rabi,113.0,50.2,65.5,7.89,0.63,21.62,13.23,29.66,53.91,456.64,35.6,28.0,500.5,9.5
onion,well_irrigated,medium_clay_loam,rabi,97.3,58.8,72.0,7.79,0.65,21.6,13.3,27.21,55.03,479.49,33.7,41.4,490.8,9.8
onion,well_irrigated,deep_black_vertisol,kharif,93.6,46.9,59.5,7.28,0.53,27.15,19.72,32.56,70.57,500.34,33.6,39.0,522.6,15.7
onion,well_irrigated,medium_clay_loam,kharif,118.9,58.4,82.6,7.5,0.66,18.88,10.66,24.74,54.72,479.86,38.1,51.4,491.9,14.3
onion,canal_command,medium_clay_loam,kharif,107.4,45.8,68.8,7.63,0.65,27.04,19.82,33.49,55.95,569.85,42.1,50.4,567.3,8.3
onion,well_irrigated,medium_clay_loam,summer,124.5,53.7,71.5,7.25,0.61,26.43,18.98,33.48,58.01,498.32,37.6,57.5,511.6,9.9
onion,well_irrigated,deep_black_vertisol,kharif,122.4,52.0,92.0,7.88,0.57,20.11,12.47,29.01,71.16,565.45,43.3,55.1,525.5,15.5
onion,canal_command,medium_clay_loam,kharif,129.2,55.9,72.7,7.54,0.61,19.22,12.91,24.52,47.2,398.96,31.2,41.0,397.2,11.9
onion,well_irrigated,medium_clay_loam,rabi,122.5,48.9,64.2,7.32,0.52,18.81,13.68,26.23,63.57,482.4,37.3,24.4,537.4,14.1
onion,canal_command,medium_clay_loam,kharif,110.8,40.2,86.0,7.66,0.5,22.5,17.47,30.27,54.68,492.9,34.4,31.5,565.4,15.7
onion,canal_command,medium_clay_loam,rabi,118.2,42.5,86.1,7.46,0.46,22.36,14.92,27.84,72.72,369.42,23.7,26.3,396.1,15.4
onion,canal_command,deep_black_vertisol,rabi,99.5,52.2,94.6,7.35,0.55,21.5,13.44,29.56,53.77,370.35,32.7,27.5,360.4,8.1
onion,well_irrigated,deep_black_vertisol,rabi,90.5,64.5,83.1,7.55,0.55,29.45,23.63,35.7,54.23,422.25,28.4,39.5,361.1,11.7
onion,well_irrigated,medium_clay_loam,kharif,97.6,47.8,82.4,7.35,0.55,20.26,15.22,29.14,57.95,592.34,37.2,51.5,539.2,9.1
onion,canal_command,deep_black_vertisol,kharif,115.0,56.4,57.0,7.27,0.48,19.1,13.38,26.85,69.93,452.2,37.8,52.3,501.7,13.5
onion,well_irrigated,medium_clay_loam,kharif,87.8,59.7,57.6,7.34,0.6,28.26,22.25,34.57,61.11,402.89,28.5,41.1,360.0,14.5
onion,well_irrigated,medium_clay_loam,kharif,96.9,55.8,57.0,7.63,0.49,27.97,21.55,34.09,70.23,362.54,21.5,40.9,389.8,11.2
onion,well_irrigated,medium_clay_loam,kharif,114.7,55.6,55.6,7.72,0.47,21.12,13.91,27.92,45.47,556.0,38.3,52.6,562.8,15.0
onion,canal_command,medium_clay_loam,summer,113.2,61.8,88.1,7.45,0.59,19.88,12.73,25.8,67.31,482.01,35.1,56.8,430.4,11.3
onion,well_irrigated,medium_clay_loam,summer,122.7,57.9,82.6,7.58,0.61,29.23,21.57,35.29,62.12,460.58,36.0,37.5,510.2,12.5
onion,well_irrigated,medium_clay_loam,summer,124.3,54.1,65.1,7.87,0.56,21.98,16.25,27.96,69.99,503.6,36.0,20.4,504.8,15.3
onion,canal_command,deep_black_vertisol,rabi,95.4,61.9,86.3,7.21,0.64,21.61,16.01,27.51,59.06,456.22,33.0,24.5,492.1,10.3
onion,well_irrigated,medium_clay_loam,summer,94.8,46.1,63.7,7.3,0.58,25.26,17.44,32.99,53.77,432.58,27.8,30.3,403.0,13.5
onion,canal_command,deep_black_vertisol,summer,99.4,49.6,55.6,7.52,0.46,24.84,17.82,33.2,62.45,430.86,29.9,41.4,378.4,12.1
onion,well_irrigated,deep_black_vertisol,summer,95.0,55.7,87.9,7.56,0.62,21.73,15.51,29.4,66.16,584.25,37.2,27.1,567.3,9.8
onion,well_irrigated,medium_clay_loam,summer,87.9,52.9,86.7,7.5,0.56,29.84,23.14,37.25,46.64,560.55,41.2,40.5,479.2,13.2
onion,well_irrigated,medium_clay_loam,kharif,129.0,48.1,64.4,7.43,0.67,22.0,14.74,28.61,56.89,398.34,31.2,35.6,413.4,12.3
onion,well_irrigated,deep_black_vertisol,kharif,85.0,55.1,82.2,7.65,0.65,23.84,18.3,29.99,64.87,503.28,40.8,47.6,524.0,12.2
onion,canal_command,deep_black_vertisol,summer,117.8,49.6,71.4,7.67,0.63,26.0,17.4,32.14,72.02,382.72,27.3,24.8,383.1,13.3
onion,canal_command,medium_clay_loam,rabi,81.7,53.5,70.5,7.27,0.63,28.98,20.95,37.27,51.49,415.89,43.4,42.1,471.8,9.7
onion,canal_command,deep_black_vertisol,summer,104.5,49.8,58.6,7.64,0.56,21.3,14.41,29.4,69.05,512.38,30.8,25.7,494.8,11.7
onion,canal_command,medium_clay_loam,summer,124.8,61.7,90.6,7.39,0.46,21.13,15.02,29.77,64.48,370.43,32.8,19.4,384.9,9.1
onion,well_irrigated,medium_clay_loam,kharif,127.0,45.0,67.4,7.37,0.53,28.98,21.68,36.93,59.7,357.21,33.9,20.4,381.0,8.5
onion,well_irrigated,medium_clay_loam,rabi,115.7,54.2,94.1,7.39,0.49,18.62,12.66,26.36,47.56,411.18,32.1,35.6,358.1,14.8
onion,well_irrigated,medium_clay_loam,summer,102.8,47.3,64.3,7.72,0.45,24.47,16.3,30.54,63.1,517.23,30.8,55.3,557.3,13.2
onion,well_irrigated,medium_clay_loam,kharif,90.9,55.1,77.3,7.47,0.65,25.92,18.03,31.52,71.49,391.76,26.6,19.7,384.8,9.8
onion,canal_command,deep_black_vertisol,summer,106.1,63.0,80.6,7.32,0.61,23.13,15.76,31.06,60.45,553.5,37.3,59.2,625.9,13.8
onion,canal_command,medium_clay_loam,summer,85.4,58.8,56.8,7.34,0.63,26.91,20.01,32.11,63.3,451.68,35.3,41.2,443.1,10.5
onion,well_irrigated,deep_black_vertisol,rabi,85.6,41.8,84.8,7.7,0.46,24.72,19.38,33.34,72.21,524.56,41.2,44.9,494.0,15.4
onion,well_irrigated,medium_clay_loam,summer,108.0,57.1,93.6,7.85,0.58,26.81,18.01,32.14,45.17,357.45,28.5,36.1,343.2,12.5
onion,well_irrigated,deep_black_vertisol,kharif,84.6,58.8,62.0,7.46,0.46,19.64,13.95,24.86,64.7,559.25,40.8,36.9,500.7,11.0
onion,canal_command,medium_clay_loam,summer,107.1,50.8,66.1,7.88,0.51,21.71,16.07,30.0,62.6,503.26,39.3,33.9,457.0,14.6
onion,well_irrigated,deep_black_vertisol,kharif,126.2,59.1,74.3,7.68,0.66,19.63,13.63,26.8,68.97,359.06,18.5,22.8,324.0,15.9
onion,well_irrigated,medium_clay_loam,rabi,104.6,44.9,85.0,7.39,0.54,22.5,16.52,29.22,59.2,536.06,37.5,28.2,551.0,14.1
onion,well_irrigated,medium_clay_loam,rabi,104.1,54.9,66.5,7.61,0.52,18.67,13.66,24.07,68.77,590.36,39.6,49.6,527.4,11.4
onion,canal_command,deep_black_vertisol,rabi,95.9,43.7,86.7,7.62,0.47,29.36,24.05,36.86,57.72,489.16,36.9,46.5,556.6,9.7
onion,well_irrigated,deep_black_vertisol,rabi,122.7,54.3,73.2,7.3,0.55,21.34,12.57,29.88,47.52,479.16,39.9,39.4,455.3,9.8
onion,well_irrigated,medium_clay_loam,summer,94.6,42.9,81.1,7.8,0.66,29.67,21.55,35.23,70.59,449.99,32.8,37.1,494.4,13.8
onion,well_irrigated,medium_clay_loam,summer,124.1,49.3,58.0,7.87,0.55,25.48,17.81,32.67,51.16,538.79,37.9,26.5,471.5,14.4
onion,canal_command,medium_clay_loam,kharif,117.6,43.5,59.0,7.59,0.54,26.58,19.63,33.28,57.77,567.97,54.3,37.9,540.5,11.2
onion,canal_command,deep_black_vertisol,summer,81.9,61.2,89.6,7.62,0.58,27.76,19.61,36.32,61.58,591.91,34.6,52.7,513.1,16.0
onion,canal_command,medium_clay_loam,summer,112.3,57.8,91.7,7.37,0.59,22.8,17.76,28.31,54.75,491.25,36.8,50.7,499.1,15.1
onion,well_irrigated,deep_black_vertisol,summer,115.9,54.0,57.3,7.32,0.52,21.39,13.7,26.46,67.67,416.34,25.3,46.1,364.5,10.5
onion,well_irrigated,deep_black_vertisol,kharif,110.8,47.3,71.8,7.69,0.67,28.72,22.35,37.71,45.11,356.91,27.4,20.0,309.9,14.6
onion,canal_command,deep_black_vertisol,summer,108.4,64.3,90.3,7.86,0.48,28.42,22.9,35.95,66.6,390.21,28.9,44.4,351.8,13.1
onion,well_irrigated,medium_clay_loam,summer,126.0,48.6,91.3,7.86,0.45,23.57,18.47,32.2,60.55,368.74,26.8,26.1,417.4,8.9
onion,well_irrigated,deep_black_vertisol,kharif,98.3,41.1,94.0,7.21,0.67,22.42,17.38,30.18,74.42,591.41,45.4,53.8,633.9,9.3
onion,well_irrigated,medium_clay_loam,rabi,96.1,59.1,93.4,7.39,0.51,24.76,16.52,32.75,61.8,507.85,33.0,37.9,470.6,9.9
onion,well_irrigated,medium_clay_loam,kharif,92.7,47.6,69.4,7.49,0.47,18.51,10.81,25.66,58.32,508.61,45.8,59.1,560.4,14.6
onion,well_irrigated,medium_clay_loam,rabi,88.7,60.9,61.0,7.66,0.48,29.08,21.82,35.39,49.21,442.8,29.3,31.3,409.1,13.6
onion,canal_command,deep_black_vertisol,rabi,119.8,47.2,62.8,7.88,0.53,25.22,17.78,32.46,72.44,518.61,37.9,43.3,588.7,11.2
onion,canal_command,deep_black_vertisol,summer,93.5,57.3,65.1,7.45,0.49,28.28,19.75,34.46,69.71,439.56,34.1,44.2,452.3,8.8
onion,well_irrigated,deep_black_vertisol,summer,97.8,44.2,59.3,7.83,0.68,19.97,14.75,26.29,58.85,401.21,32.6,38.9,417.4,10.4
onion,well_irrigated,medium_clay_loam,summer,120.1,63.7,56.3,7.23,0.53,19.05,12.14,26.97,62.01,399.11,27.2,37.8,450.9,13.2
onion,well_irrigated,medium_clay_loam,summer,83.3,53.8,59.2,7.22,0.49,24.78,16.96,30.59,65.05,395.62,36.7,47.3,447.6,12.9
onion,canal_command,deep_black_vertisol,rabi,91.8,51.5,73.9,7.44,0.67,26.36,19.2,33.4,49.78,443.05,29.2,50.5,485.1,13.4
onion,canal_command,medium_clay_loam,rabi,84.1,42.6,73.8,7.57,0.51,25.71,17.9,31.91,67.75,401.4,30.8,45.2,348.2,12.4
onion,canal_command,deep_black_vertisol,kharif,106.6,50.9,70.5,7.79,0.5,26.81,18.78,33.49,53.92,467.64,40.6,20.4,413.1,8.7
onion,canal_command,medium_clay_loam,kharif,96.8,41.7,71.9,7.48,0.68,23.17,16.95,29.63,56.91,555.39,43.5,38.1,569.0,8.6
onion,canal_command,medium_clay_loam,kharif,105.0,45.8,76.7,7.35,0.6,28.85,23.51,34.72,70.33,507.89,35.4,40.1,463.7,8.6
onion,canal_command,deep_black_vertisol,rabi,122.0,49.0,72.1,7.89,0.63,28.77,22.01,34.7,57.36,529.02,44.6,22.2,556.8,8.9
onion,canal_command,medium_clay_loam,rabi,99.2,58.4,92.5,7.57,0.45,22.06,15.47,28.42,58.09,508.17,37.1,31.4,509.3,9.0
wheat,well_irrigated,medium_clay_loam,rabi,129.6,50.8,47.4,7.93,0.61,15.42,6.63,20.94,35.86,420.44,29.2,25.2,443.8,7.6
wheat,canal_command,deep_black_vertisol,rabi,107.2,64.7,38.6,7.75,0.64,16.24,9.56,24.64,58.31,452.21,30.4,50.7,408.0,7.1
wheat,canal_command,deep_black_vertisol,rabi,98.8,51.2,45.8,7.86,0.58,15.2,7.94,23.19,46.12,510.64,36.1,47.1,573.7,12.6
wheat,canal_command,deep_black_vertisol,rabi,121.9,47.8,41.4,7.75,0.57,22.94,17.0,28.99,52.6,380.12,29.2,15.8,339.2,9.7
wheat,well_irrigated,medium_clay_loam,rabi,117.4,42.9,34.6,7.37,0.51,16.14,9.39,24.06,52.08,397.68,29.0,26.4,406.2,11.4
wheat,canal_command,deep_black_vertisol,rabi,112.6,60.8,39.2,7.78,0.56,15.35,9.61,23.92,58.47,482.67,38.5,31.1,446.1,13.4
wheat,canal_command,medium_clay_loam,rabi,82.8,60.2,49.7,7.88,0.54,17.66,11.87,24.11,51.67,426.0,33.5,24.9,463.2,13.5
wheat,canal_command,medium_clay_loam,rabi,91.5,52.0,38.1,7.91,0.41,23.06,15.45,31.01,35.07,456.8,31.0,37.9,496.0,10.7
wheat,canal_command,medium_clay_loam,rabi,122.9,45.8,46.1,7.43,0.6,23.46,17.12,30.58,51.46,363.51,30.8,40.0,385.4,10.0
wheat,well_irrigated,deep_black_vertisol,rabi,116.7,49.1,38.1,7.69,0.63,21.52,14.31,29.6,44.27,474.18,34.2,29.6,489.8,9.3
wheat,well_irrigated,deep_black_vertisol,rabi,103.0,54.1,43.9,7.84,0.62,18.19,9.38,25.74,54.69,468.96,35.8,37.9,497.4,7.6
wheat,canal_command,deep_black_vertisol,rabi,95.6,47.1,44.6,7.49,0.58,18.46,10.37,24.03,40.12,466.6,33.7,26.3,523.0,10.5
wheat,well_irrigated,deep_black_vertisol,rabi,101.1,45.1,37.8,7.64,0.47,21.92,15.35,29.84,40.18,414.1,33.7,43.7,408.6,6.1
wheat,well_irrigated,deep_black_vertisol,rabi,112.4,40.1,35.1,7.65,0.55,15.59,7.77,22.76,48.14,399.65,35.3,16.9,347.5,10.8
wheat,canal_command,medium_clay_loam,rabi,96.1,48.7,34.2,7.61,0.41,17.7,10.59,24.57,59.99,416.09,25.7,45.8,425.1,9.1
wheat,well_irrigated,deep_black_vertisol,rabi,119.7,40.9,49.7,7.91,0.54,16.0,10.14,22.12,41.03,434.58,32.7,32.8,455.6,13.6
wheat,canal_command,deep_black_vertisol,rabi,123.6,40.8,38.1,7.85,0.6,23.35,15.53,29.33,47.64,355.5,34.4,40.7,375.5,11.2
wheat,canal_command,medium_clay_loam,rabi,89.9,61.4,33.9,7.41,0.45,19.58,14.08,28.33,59.16,515.55,41.2,59.6,592.5,6.3
wheat,well_irrigated,medium_clay_loam,rabi,113.5,57.5,32.4,7.91,0.41,17.86,8.89,24.55,38.28,514.78,39.8,36.7,496.5,13.9
wheat,canal_command,medium_clay_loam,rabi,82.2,46.7,31.1,7.95,0.57,22.98,15.11,28.5,58.51,502.98,36.7,24.6,533.8,8.8
wheat,canal_command,deep_black_vertisol,rabi,124.8,41.3,32.8,7.72,0.55,15.3,8.71,22.64,53.45,403.75,27.3,46.5,391.1,9.9
wheat,well_irrigated,deep_black_vertisol,rabi,110.6,47.1,43.1,7.76,0.55,15.9,6.92,22.5,50.96,500.58,34.2,51.0,571.4,9.4
wheat,well_irrigated,deep_black_vertisol,rabi,100.3,62.6,33.2,7.32,0.63,22.39,13.5,27.63,38.9,367.9,21.1,16.4,383.3,11.5
wheat,canal_command,medium_clay_loam,rabi,85.6,62.7,34.0,7.82,0.62,20.22,14.23,26.45,57.14,400.7,35.0,47.8,460.8,12.0
wheat,canal_command,medium_clay_loam,rabi,121.3,64.8,37.5,7.48,0.43,16.27,7.85,23.62,56.84,484.21,34.2,53.2,472.3,11.4
wheat,canal_command,deep_black_vertisol,rabi,81.1,63.4,48.1,7.68,0.54,21.35,15.29,27.23,51.85,367.75,28.1,29.2,354.7,9.6
wheat,well_irrigated,medium_clay_loam,rabi,97.8,48.4,40.0,7.77,0.64,16.3,7.81,22.43,49.78,442.95,30.1,29.0,489.8,10.5
wheat,canal_command,deep_black_vertisol,rabi,89.0,40.4,34.2,7.66,0.53,17.29,12.0,25.27,53.95,519.63,44.8,59.3,566.1,13.2
wheat,well_irrigated,medium_clay_loam,rabi,86.4,55.6,31.1,7.92,0.52,21.28,16.07,28.41,42.53,398.44,34.4,30.2,382.1,9.1
wheat,canal_command,medium_clay_loam,rabi,108.6,51.8,39.9,7.87,0.49,18.5,10.48,23.79,56.63,423.13,31.6,42.6,393.4,10.7
wheat,canal_command,deep_black_vertisol,rabi,129.0,52.4,48.7,7.3,0.62,17.8,11.55,23.71,42.93,386.29,24.3,31.2,376.6,13.2
wheat,canal_command,medium_clay_loam,rabi,116.0,55.8,32.0,7.95,0.54,17.25,11.43,22.8,45.62,373.04,26.6,19.4,390.6,9.3
wheat,canal_command,deep_black_vertisol,rabi,107.5,57.0,48.8,7.75,0.49,19.05,10.6,24.57,43.14,448.14,30.6,23.2,509.3,11.4
wheat,well_irrigated,deep_black_vertisol,rabi,84.8,52.4,46.4,7.84,0.63,16.27,9.77,22.4,56.52,433.02,36.9,41.8,418.6,6.2
wheat,canal_command,medium_clay_loam,rabi,124.7,46.4,34.8,7.48,0.48,15.97,8.18,21.8,58.15,386.67,33.0,28.7,423.7,8.0
wheat,canal_command,deep_black_vertisol,rabi,126.5,58.9,31.0,7.89,0.63,23.94,18.44,31.4,39.99,394.63,26.6,46.7,405.9,12.0
wheat,canal_command,deep_black_vertisol,rabi,80.4,40.9,41.9,7.57,0.62,17.72,10.99,24.83,41.83,504.44,42.4,32.8,552.5,9.7
wheat,well_irrigated,medium_clay_loam,rabi,89.1,63.8,46.8,7.57,0.56,23.49,17.64,28.72,48.44,374.24,27.1,41.7,318.9,7.5
wheat,canal_command,deep_black_vertisol,rabi,105.8,54.0,43.4,7.6,0.43,15.93,7.91,21.81,35.7,516.53,37.6,50.7,567.8,13.8
wheat,well_irrigated,deep_black_vertisol,rabi,86.8,60.6,48.4,7.85,0.45,18.7,11.3,24.34,40.27,398.09,29.6,32.2,435.6,10.1
wheat,canal_command,deep_black_vertisol,rabi,125.7,60.8,35.1,7.53,0.53,15.13,6.51,20.31,43.06,446.76,35.0,26.1,406.7,10.1
wheat,canal_command,medium_clay_loam,rabi,93.2,47.0,38.3,7.4,0.53,20.99,12.84,28.83,38.69,427.53,40.5,17.7,419.9,6.3
wheat,canal_command,deep_black_vertisol,rabi,114.2,58.1,47.9,7.83,0.41,18.34,12.25,24.89,39.0,366.61,31.4,27.9,369.1,10.2
wheat,canal_command,medium_clay_loam,rabi,114.6,41.2,44.2,7.71,0.45,15.44,10.01,22.54,53.96,406.89,34.7,46.7,371.9,9.0
wheat,well_irrigated,deep_black_vertisol,rabi,97.2,58.6,42.5,7.59,0.64,21.61,16.37,29.59,35.6,460.55,30.2,50.6,438.0,7.7
wheat,well_irrigated,deep_black_vertisol,rabi,94.3,62.9,45.6,7.47,0.64,18.21,10.61,26.19,35.57,513.02,42.9,28.3,567.0,8.8
wheat,canal_command,deep_black_vertisol,rabi,84.3,42.9,44.3,7.35,0.63,21.67,15.33,28.13,47.66,411.36,31.1,31.1,377.2,12.3
wheat,canal_command,deep_black_vertisol,rabi,114.3,57.1,30.5,7.93,0.48,21.7,13.66,29.3,44.87,453.43,35.5,45.8,399.0,6.3
wheat,canal_command,medium_clay_loam,rabi,85.2,60.9,41.0,7.78,0.57,22.57,17.04,30.21,49.38,355.25,25.5,24.3,304.9,7.6
wheat,well_irrigated,medium_clay_loam,rabi,90.6,47.2,48.2,7.65,0.47,20.39,14.58,25.68,35.52,511.76,37.8,53.2,585.6,11.8
wheat,canal_command,deep_black_vertisol,rabi,116.8,57.3,36.7,7.37,0.54,20.19,11.38,26.96,52.27,447.75,37.6,35.6,449.5,7.4
wheat,well_irrigated,deep_black_vertisol,rabi,103.2,55.1,39.8,7.64,0.42,16.72,10.43,23.39,49.85,496.77,46.5,20.5,489.2,7.3
wheat,well_irrigated,deep_black_vertisol,rabi,107.6,60.8,46.0,7.37,0.63,15.99,8.46,23.68,52.0,395.11,24.1,16.4,402.5,8.6
wheat,canal_command,medium_clay_loam,rabi,112.8,43.7,46.8,7.4,0.62,19.05,11.85,27.63,42.5,380.91,29.5,22.7,384.1,9.6
wheat,canal_command,medium_clay_loam,rabi,123.2,55.2,30.0,7.86,0.48,17.88,11.35,25.4,46.05,456.87,37.6,39.3,403.3,7.2
wheat,well_irrigated,deep_black_vertisol,rabi,82.1,60.2,41.0,7.52,0.43,19.36,12.26,27.16,59.25,423.94,28.0,29.5,465.5,9.2
wheat,well_irrigated,medium_clay_loam,rabi,97.2,58.1,30.3,7.5,0.56,16.67,10.46,23.62,45.55,368.02,27.4,19.9,328.4,13.5
wheat,canal_command,medium_clay_loam,rabi,102.6,52.9,32.7,7.99,0.46,19.13,13.26,26.11,53.9,438.59,29.8,26.3,472.7,8.3
wheat,canal_command,medium_clay_loam,rabi,98.5,43.8,35.2,7.41,0.62,21.59,14.34,27.48,47.76,438.54,36.0,17.9,405.3,10.7
wheat,well_irrigated,deep_black_vertisol,rabi,118.5,48.0,46.8,7.88,0.57,20.99,13.19,28.69,44.67,466.08,34.7,31.0,528.3,13.2
wheat,canal_command,medium_clay_loam,rabi,97.5,43.3,32.5,7.87,0.63,22.0,13.09,27.87,38.52,438.52,34.0,30.3,433.0,12.6
wheat,canal_command,deep_black_vertisol,rabi,119.6,45.8,48.6,7.91,0.4,16.16,9.17,23.0,52.71,365.25,27.6,32.6,336.1,11.2
wheat,canal_command,deep_black_vertisol,rabi,91.1,43.7,41.5,7.98,0.46,18.2,12.17,24.26,45.1,469.32,30.7,40.0,487.4,6.3
wheat,canal_command,deep_black_vertisol,rabi,107.5,50.3,46.8,7.99,0.56,22.87,15.47,30.63,52.2,469.81,35.5,40.4,483.1,8.6
wheat,canal_command,medium_clay_loam,rabi,97.5,59.1,41.7,7.4,0.61,22.95,16.08,28.78,58.69,499.99,37.0,47.1,451.3,8.0
wheat,well_irrigated,deep_black_vertisol,rabi,101.3,62.3,38.6,7.67,0.64,17.7,11.54,25.9,41.94,491.42,33.3,24.0,550.6,6.8
wheat,well_irrigated,medium_clay_loam,rabi,115.9,45.6,33.3,7.88,0.49,19.1,13.98,25.64,54.26,489.62,37.0,40.7,525.3,11.6
wheat,well_irrigated,deep_black_vertisol,rabi,91.6,63.7,30.6,7.4,0.54,21.64,14.49,28.06,59.45,469.65,43.0,20.3,432.4,12.7
wheat,canal_command,medium_clay_loam,rabi,89.1,41.8,34.5,7.67,0.57,21.97,16.79,28.68,38.06,423.3,35.7,44.2,440.7,9.5
wheat,canal_command,deep_black_vertisol,rabi,113.9,60.5,41.3,7.67,0.58,15.18,7.42,23.92,52.85,356.25,26.7,37.3,405.3,9.0
wheat,canal_command,medium_clay_loam,rabi,122.1,61.6,32.5,7.89,0.48,20.34,13.18,27.99,53.51,424.95,34.1,32.6,366.0,13.1
wheat,well_irrigated,medium_clay_loam,rabi,124.9,44.8,49.7,7.87,0.58,21.09,13.75,28.98,45.55,493.7,39.5,50.2,537.0,11.6
wheat,well_irrigated,deep_black_vertisol,rabi,82.8,60.0,35.2,7.71,0.51,15.2,10.04,23.51,50.19,439.05,30.8,44.1,475.3,13.6
wheat,canal_command,deep_black_vertisol,rabi,127.5,63.5,30.2,7.42,0.61,18.02,12.64,26.16,46.36,433.71,29.6,40.3,440.4,7.5
wheat,canal_command,deep_black_vertisol,rabi,97.0,54.9,48.5,7.94,0.47,21.62,13.52,29.86,49.27,351.79,27.2,20.9,367.2,12.1
wheat,canal_command,deep_black_vertisol,rabi,124.9,54.8,34.1,7.48,0.51,16.1,10.78,23.82,45.18,473.46,35.7,42.0,465.4,6.9
wheat,canal_command,deep_black_vertisol,rabi,107.2,42.1,46.6,7.74,0.54,16.2,10.05,23.17,50.83,381.15,27.6,20.9,380.3,6.1
wheat,well_irrigated,medium_clay_loam,rabi,102.8,48.7,42.6,7.33,0.44,18.89,12.47,25.46,55.09,500.68,29.0,53.5,494.5,8.0
wheat,well_irrigated,deep_black_vertisol,rabi,129.3,60.6,49.9,7.42,0.44,19.53,11.98,25.21,56.51,440.44,39.7,19.1,506.5,9.3
wheat,well_irrigated,medium_clay_loam,rabi,83.1,61.3,49.9,7.87,0.61,20.63,11.94,25.78,54.17,464.02,39.8,38.8,466.1,6.4
wheat,canal_command,medium_clay_loam,rabi,83.9,60.1,32.8,7.59,0.62,20.04,13.53,25.24,51.81,517.71,36.6,30.6,469.1,13.3
wheat,well_irrigated,medium_clay_loam,rabi,91.8,46.1,42.3,7.52,0.57,23.53,15.98,31.54,53.79,406.22,31.7,18.0,379.7,6.1
wheat,canal_command,medium_clay_loam,rabi,125.3,64.0,30.5,7.99,0.48,22.59,16.87,27.84,44.46,496.02,33.5,34.7,491.4,7.8
wheat,canal_command,medium_clay_loam,rabi,105.7,54.6,39.3,7.79,0.58,18.96,13.39,26.53,54.32,458.48,38.8,26.8,478.4,10.7
wheat,well_irrigated,deep_black_vertisol,rabi,126.0,56.3,35.6,7.63,0.61,18.02,10.92,25.74,53.86,379.56,21.9,31.9,335.8,10.5
wheat,well_irrigated,deep_black_vertisol,rabi,102.9,61.2,45.2,7.72,0.49,16.68,10.29,24.4,41.58,422.57,39.8,42.8,471.2,9.1
wheat,canal_command,medium_clay_loam,rabi,97.1,50.8,32.9,7.42,0.44,16.18,10.46,21.99,37.8,458.84,38.8,23.3,506.7,13.9
wheat,canal_command,deep_black_vertisol,rabi,126.6,61.9,43.5,7.76,0.45,16.05,9.39,21.8,37.56,401.4,29.2,16.6,376.4,12.9
wheat,canal_command,medium_clay_loam,rabi,105.5,44.5,49.3,7.71,0.53,15.08,8.14,23.43,40.49,409.71,29.5,35.6,431.7,6.2
wheat,canal_command,medium_clay_loam,rabi,102.2,48.1,31.1,7.88,0.41,20.88,14.62,26.65,51.68,447.67,36.2,36.3,413.6,8.5
wheat,canal_command,medium_clay_loam,rabi,95.7,46.1,45.0,7.31,0.47,18.38,9.85,27.18,52.91,433.73,25.8,50.3,383.7,11.1
wheat,well_irrigated,deep_black_vertisol,rabi,125.0,58.1,30.6,7.32,0.53,19.36,12.59,25.57,59.67,396.24,26.9,28.7,357.0,9.9
wheat,canal_command,medium_clay_loam,rabi,125.9,61.5,34.0,7.91,0.45,20.64,15.31,29.16,36.29,444.34,32.4,19.3,468.7,12.2
wheat,canal_command,medium_clay_loam,rabi,108.0,63.3,36.1,7.33,0.57,22.08,13.25,27.71,44.8,493.5,33.2,44.4,459.4,12.5
wheat,well_irrigated,deep_black_vertisol,rabi,86.2,63.0,33.5,7.7,0.55,18.33,11.92,26.0,44.71,393.37,34.4,32.5,408.1,9.2
wheat,well_irrigated,medium_clay_loam,rabi,101.9,41.7,49.1,7.86,0.5,23.84,17.46,30.33,50.24,396.64,32.1,20.7,350.0,11.6
wheat,canal_command,medium_clay_loam,rabi,107.8,42.7,49.3,7.7,0.44,17.8,9.6,24.9,39.7,367.48,32.5,41.9,339.7,9.4
wheat,canal_command,medium_clay_loam,rabi,126.0,62.6,49.0,7.89,0.55,18.69,11.72,27.18,42.53,377.07,23.1,40.0,406.7,7.1
wheat,canal_command,deep_black_vertisol,rabi,93.7,56.9,30.8,7.7,0.5,23.8,16.77,31.01,52.81,432.37,35.1,31.5,455.7,7.8
wheat,canal_command,medium_clay_loam,rabi,121.5,56.5,44.7,7.96,0.64,23.72,16.22,30.26,38.33,415.54,31.4,46.2,418.5,13.5
wheat,canal_command,deep_black_vertisol,rabi,95.4,51.4,44.3,7.58,0.45,19.87,13.97,28.76,44.76,504.64,39.7,51.7,514.8,7.8
wheat,well_irrigated,deep_black_vertisol,rabi,81.9,55.5,32.6,7.54,0.57,15.88,10.37,21.13,59.9,415.8,26.4,26.4,447.4,13.2
wheat,well_irrigated,medium_clay_loam,rabi,104.9,60.6,46.3,7.86,0.61,16.9,9.97,23.84,57.26,400.47,37.9,24.6,389.7,13.5
wheat,well_irrigated,medium_clay_loam,rabi,105.6,63.3,44.7,7.7,0.62,20.99,13.4,26.98,44.87,466.16,32.7,30.4,426.4,13.1
wheat,canal_command,deep_black_vertisol,rabi,83.4,57.9,44.1,7.55,0.62,19.52,11.94,25.36,45.43,496.61,30.9,25.9,465.3,7.7
wheat,canal_command,medium_clay_loam,rabi,126.2,58.5,36.3,7.83,0.41,19.74,13.74,25.2,57.09,383.89,25.0,28.0,328.0,12.6
wheat,well_irrigated,medium_clay_loam,rabi,109.8,48.6,35.6,7.35,0.64,19.45,14.1,27.92,41.97,384.61,25.8,30.2,430.3,8.2
wheat,well_irrigated,medium_clay_loam,rabi,96.6,49.9,41.7,7.94,0.5,15.62,9.23,21.38,51.29,354.97,27.1,29.7,331.3,8.3
wheat,canal_command,medium_clay_loam,rabi,85.7,63.6,35.8,7.95,0.48,22.04,16.05,29.72,43.09,436.56,39.0,19.8,403.7,11.4
wheat,well_irrigated,deep_black_vertisol,rabi,80.9,46.3,34.6,7.47,0.53,20.24,11.6,26.78,58.16,460.83,41.9,49.2,486.8,13.3
wheat,well_irrigated,medium_clay_loam,rabi,92.1,45.6,49.0,7.97,0.58,22.95,14.28,30.0,50.73,421.19,31.3,39.5,411.3,9.3
wheat,well_irrigated,medium_clay_loam,rabi,96.6,43.3,46.2,7.77,0.46,19.83,13.22,28.58,50.18,376.93,26.2,41.1,396.3,10.0
wheat,well_irrigated,deep_black_vertisol,rabi,92.5,62.2,45.1,7.81,0.49,22.99,15.44,31.4,44.02,374.76,35.2,30.3,379.9,8.7
wheat,canal_command,medium_clay_loam,rabi,88.5,47.9,47.8,7.69,0.55,19.3,12.11,25.09,48.67,519.52,29.5,22.6,565.7,10.5
wheat,well_irrigated,medium_clay_loam,rabi,87.7,61.6,34.0,7.94,0.51,21.69,14.5,27.71,51.78,512.85,37.9,21.8,545.3,12.2
wheat,canal_command,deep_black_vertisol,rabi,111.8,62.6,44.0,7.56,0.45,23.32,17.91,30.49,42.85,396.14,29.4,23.2,445.6,11.2
wheat,canal_command,deep_black_vertisol,rabi,113.9,58.2,43.7,7.93,0.46,15.77,10.55,24.29,59.33,401.43,28.4,31.1,421.0,11.5
wheat,canal_command,deep_black_vertisol,rabi,102.7,55.8,40.8,7.34,0.59,16.55,11.42,23.36,56.64,375.64,28.9,18.3,360.3,6.1
wheat,canal_command,deep_black_vertisol,rabi,89.7,60.0,45.1,7.79,0.52,18.29,11.78,25.3,36.93,465.99,32.0,25.4,522.1,8.8
wheat,canal_command,deep_black_vertisol,rabi,124.1,54.3,47.3,7.63,0.63,16.9,9.68,22.41,46.18,446.88,29.8,30.9,390.1,10.8
wheat,well_irrigated,medium_clay_loam,rabi,104.4,43.4,48.7,7.97,0.61,22.59,17.2,31.57,45.01,377.73,28.9,19.0,374.9,12.5
wheat,canal_command,medium_clay_loam,rabi,102.3,41.7,39.7,7.63,0.47,23.29,16.62,31.75,37.74,404.21,24.2,29.4,357.1,7.4
wheat,well_irrigated,medium_clay_loam,rabi,97.7,45.6,42.8,7.97,0.45,21.41,13.44,28.4,57.44,514.29,43.9,37.2,486.0,8.9
wheat,well_irrigated,deep_black_vertisol,rabi,119.5,42.9,32.4,7.95,0.42,21.2,15.29,26.34,36.49,413.5,35.9,36.3,431.8,6.6
wheat,canal_command,medium_clay_loam,rabi,117.1,52.3,38.6,7.58,0.51,23.71,15.99,29.97,53.35,406.15,37.0,28.5,451.1,7.0
wheat,canal_command,medium_clay_loam,rabi,97.5,65.0,39.6,7.86,0.6,23.34,18.0,29.42,54.19,445.64,32.8,23.8,416.4,10.5
wheat,canal_command,medium_clay_loam,rabi,93.9,45.3,31.8,7.41,0.59,21.47,16.29,27.28,49.01,404.85,31.5,34.4,386.9,12.6
wheat,canal_command,medium_clay_loam,rabi,84.5,40.2,30.3,7.59,0.46,16.42,8.95,25.4,39.44,442.89,34.1,50.8,415.2,7.0
wheat,canal_command,deep_black_vertisol,rabi,94.2,60.2,34.2,7.5,0.45,17.38,9.04,24.93,45.15,515.16,29.6,42.2,523.4,9.7
wheat,well_irrigated,deep_black_vertisol,rabi,129.9,64.4,49.2,7.99,0.6,23.9,15.33,30.56,54.62,505.05,43.2,37.3,439.3,11.7
wheat,canal_command,medium_clay_loam,rabi,127.6,49.1,33.0,7.53,0.55,17.85,10.41,26.72,51.77,411.65,26.7,32.9,430.6,13.5
wheat,canal_command,medium_clay_loam,rabi,126.8,47.9,33.1,7.35,0.58,22.16,15.52,28.74,58.86,505.84,38.7,51.8,524.5,7.9
wheat,well_irrigated,deep_black_vertisol,rabi,97.8,44.4,35.9,7.73,0.49,18.55,11.39,23.9,53.47,418.29,31.3,38.4,404.8,9.8
wheat,canal_command,deep_black_vertisol,rabi,122.3,46.0,43.8,7.35,0.64,18.14,9.81,24.41,50.82,517.21,39.1,27.3,524.6,13.0
wheat,well_irrigated,medium_clay_loam,rabi,101.7,48.4,36.7,7.68,0.45,19.84,13.72,25.99,53.47,355.03,25.0,33.2,341.2,9.0
wheat,well_irrigated,deep_black_vertisol,rabi,124.2,64.5,30.4,7.68,0.49,17.49,11.15,25.05,39.77,505.19,27.7,33.4,545.4,9.7
wheat,well_irrigated,deep_black_vertisol,rabi,101.6,48.9,36.8,7.54,0.41,16.37,10.8,25.32,35.55,378.4,25.1,17.5,397.7,13.8
wheat,well_irrigated,medium_clay_loam,rabi,113.6,64.5,40.6,7.45,0.56,19.62,12.48,26.53,51.84,447.23,42.0,47.4,415.7,13.9
wheat,canal_command,medium_clay_loam,rabi,90.7,59.6,33.0,7.63,0.6,17.52,9.17,25.1,44.94,421.98,34.4,40.8,475.5,13.4
wheat,canal_command,medium_clay_loam,rabi,109.2,62.6,46.6,7.8,0.41,18.36,10.83,25.45,42.98,374.55,24.0,23.5,344.6,10.4
wheat,well_irrigated,medium_clay_loam,rabi,119.3,52.2,34.3,7.38,0.52,22.15,14.54,28.08,45.92,495.39,28.5,24.7,428.5,7.4
wheat,canal_command,medium_clay_loam,rabi,81.0,42.6,37.0,7.33,0.5,16.17,9.77,24.34,50.66,425.72,33.9,38.1,382.8,6.7
wheat,well_irrigated,medium_clay_loam,rabi,113.2,62.8,39.2,7.33,0.62,15.6,7.13,22.17,44.13,442.28,32.9,42.3,452.9,13.7
wheat,well_irrigated,medium_clay_loam,rabi,121.5,40.9,36.5,7.97,0.64,15.1,9.3,24.08,47.32,447.39,37.3,49.9,411.3,7.3
wheat,well_irrigated,deep_black_vertisol,rabi,91.4,63.0,44.1,7.84,0.49,23.18,15.02,31.18,59.27,412.25,27.8,38.0,415.5,10.9
wheat,canal_command,medium_clay_loam,rabi,124.1,48.6,37.7,7.77,0.52,15.8,9.25,21.18,39.77,351.22,26.8,23.3,355.2,7.5
wheat,well_irrigated,deep_black_vertisol,rabi,107.0,57.6,37.2,7.83,0.56,19.14,13.36,25.35,50.52,422.43,35.4,29.2,441.1,13.1
wheat,well_irrigated,deep_black_vertisol,rabi,107.9,59.7,47.3,7.37,0.49,20.76,15.62,28.52,48.2,399.06,30.8,25.2,457.9,12.5
wheat,canal_command,medium_clay_loam,rabi,115.4,41.5,48.1,7.85,0.46,18.53,12.46,27.47,56.35,508.14,32.4,28.8,455.0,12.3
wheat,canal_command,medium_clay_loam,rabi,126.0,64.8,35.7,7.79,0.55,19.4,11.74,25.89,58.61,469.93,34.4,27.9,423.2,12.0
wheat,canal_command,deep_black_vertisol,rabi,118.3,63.5,38.5,7.84,0.52,17.66,9.7,25.85,40.07,401.88,26.3,22.0,456.7,10.0
wheat,well_irrigated,deep_black_vertisol,rabi,116.7,41.8,47.9,7.61,0.56,23.64,18.24,30.57,36.24,434.92,33.6,49.1,421.7,8.0
wheat,well_irrigated,deep_black_vertisol,rabi,123.0,64.6,40.1,7.62,0.42,15.11,7.68,20.38,44.51,350.61,22.2,22.3,357.9,10.9
wheat,canal_command,medium_clay_loam,rabi,103.1,60.1,32.2,7.36,0.41,19.82,12.0,25.34,50.97,431.08,31.5,42.0,451.4,13.9
wheat,well_irrigated,deep_black_vertisol,rabi,129.9,64.5,40.8,7.62,0.52,18.86,11.73,24.95,58.17,433.34,39.7,29.0,449.6,12.7
wheat,well_irrigated,medium_clay_loam,rabi,98.4,62.0,32.3,7.64,0.45,22.75,16.74,30.28,39.14,418.84,30.6,22.3,439.3,13.2
wheat,well_irrigated,medium_clay_loam,rabi,100.8,53.5,41.5,7.72,0.56,17.45,10.84,22.6,54.22,492.31,35.8,31.2,506.7,7.6
wheat,well_irrigated,medium_clay_loam,rabi,102.4,61.8,40.3,7.4,0.56,19.16,10.42,25.73,45.07,460.63,25.6,32.2,528.3,10.2
wheat,well_irrigated,deep_black_vertisol,rabi,93.9,61.6,30.1,7.44,0.55,16.46,7.52,23.32,49.93,377.26,32.0,38.8,351.1,8.3
wheat,well_irrigated,medium_clay_loam,rabi,94.5,54.7,42.1,7.39,0.54,15.11,8.1,22.9,36.82,509.58,46.9,58.6,449.6,9.7
wheat,well_irrigated,deep_black_vertisol,rabi,85.5,51.5,48.8,7.46,0.41,22.14,14.75,29.19,35.86,461.05,35.4,44.5,424.1,7.4
wheat,canal_command,deep_black_vertisol,rabi,106.9,61.4,35.4,7.83,0.54,15.44,8.81,21.17,43.98,415.17,33.0,36.5,424.0,9.8
wheat,canal_command,medium_clay_loam,rabi,117.5,63.7,37.0,7.43,0.54,21.34,13.63,28.79,38.66,492.26,36.6,36.1,509.7,9.4
wheat,well_irrigated,deep_black_vertisol,rabi,128.1,43.8,49.7,7.76,0.51,22.99,15.22,29.39,57.1,463.32,34.5,51.8,456.2,11.6
wheat,well_irrigated,medium_clay_loam,rabi,117.2,51.3,31.7,7.84,0.41,21.46,12.82,27.85,37.55,389.59,29.3,19.1,404.5,10.5
wheat,canal_command,deep_black_vertisol,rabi,99.7,58.0,36.5,7.85,0.49,17.3,8.79,24.5,42.13,508.96,41.0,29.3,526.5,11.5
wheat,well_irrigated,deep_black_vertisol,rabi,114.8,46.1,43.0,7.73,0.61,16.6,8.8,21.71,52.4,513.27,41.5,50.6,489.3,7.4
wheat,well_irrigated,medium_clay_loam,rabi,125.0,58.2,44.2,7.57,0.63,17.5,11.67,23.95,51.25,496.49,30.3,52.2,543.1,7.1
wheat,well_irrigated,medium_clay_loam,rabi,118.0,44.5,33.4,7.9,0.52,17.21,9.46,25.78,50.81,409.05,29.9,36.1,389.3,9.9
wheat,canal_command,deep_black_vertisol,rabi,82.1,40.8,35.6,7.67,0.54,19.45,12.81,25.46,45.02,373.59,22.1,23.9,429.1,6.9
wheat,well_irrigated,deep_black_vertisol,rabi,126.8,49.8,38.8,7.86,0.42,16.64,7.75,23.66,36.11,358.05,26.4,19.0,393.5,13.3
wheat,well_irrigated,medium_clay_loam,rabi,101.0,57.1,37.1,7.74,0.62,22.18,15.65,28.33,42.14,409.26,34.9,30.0,364.2,9.9
wheat,canal_command,deep_black_vertisol,rabi,97.1,54.1,41.9,7.64,0.58,21.64,14.92,27.13,48.25,414.85,31.0,37.4,413.6,7.1
wheat,canal_command,medium_clay_loam,rabi,82.8,55.6,34.9,7.47,0.64,19.16,14.04,25.52,49.61,405.86,30.8,30.7,357.9,6.2
wheat,well_irrigated,deep_black_vertisol,rabi,111.0,40.9,35.8,7.59,0.54,17.66,11.51,26.6,36.05,518.14,38.6,26.7,461.4,6.4
wheat,canal_command,deep_black_vertisol,rabi,128.7,49.5,41.3,7.79,0.59,21.19,14.84,26.64,42.04,385.75,21.5,16.2,436.2,7.1
wheat,canal_command,medium_clay_loam,rabi,82.5,44.3,32.8,7.5,0.45,23.51,18.18,29.36,37.02,516.67,36.5,28.5,473.5,13.3
wheat,well_irrigated,deep_black_vertisol,rabi,118.4,46.6,36.2,7.72,0.46,20.26,13.71,25.4,45.07,506.32,44.7,33.3,440.4,8.3
wheat,well_irrigated,medium_clay_loam,rabi,122.5,48.8,34.8,7.97,0.59,20.1,13.88,25.99,52.89,438.7,33.0,46.4,497.5,10.2
wheat,well_irrigated,medium_clay_loam,rabi,111.6,54.2,47.8,7.83,0.64,23.64,17.74,31.54,48.26,386.48,25.8,18.0,420.7,7.6
wheat,well_irrigated,medium_clay_loam,rabi,122.8,55.2,43.5,7.5,0.51,18.71,12.77,27.04,50.55,356.36,25.9,30.5,303.7,12.6
wheat,canal_command,medium_clay_loam,rabi,113.0,56.3,33.3,7.48,0.46,23.64,18.37,30.36,56.78,480.81,32.5,56.6,464.5,12.6
wheat,well_irrigated,medium_clay_loam,rabi,81.5,43.8,41.2,7.41,0.58,15.34,9.3,23.12,41.39,473.89,33.2,53.1,410.1,14.0
wheat,canal_command,deep_black_vertisol,rabi,81.2,44.4,49.8,7.55,0.61,18.38,10.02,27.25,45.89,445.09,37.8,51.1,412.6,11.0
wheat,well_irrigated,medium_clay_loam,rabi,96.2,45.4,31.7,7.73,0.62,18.16,10.95,25.73,45.37,503.57,34.8,39.6,535.2,8.9
wheat,well_irrigated,medium_clay_loam,rabi,127.6,60.4,47.4,7.68,0.48,21.32,14.56,27.47,38.81,439.74,31.2,37.6,389.2,10.8
wheat,canal_command,deep_black_vertisol,rabi,88.4,56.6,38.6,7.89,0.59,21.52,13.72,28.76,36.53,461.43,25.5,52.8,426.7,9.7
wheat,canal_command,medium_clay_loam,rabi,128.2,60.3,30.3,7.93,0.46,21.35,14.14,28.5,52.95,385.22,26.6,35.5,361.0,7.3
wheat,canal_command,deep_black_vertisol,rabi,102.6,42.8,43.7,7.51,0.44,18.81,9.95,25.45,43.68,425.57,34.0,22.4,385.5,6.1
wheat,canal_command,medium_clay_loam,rabi,115.3,43.8,37.9,7.34,0.51,22.0,14.79,29.59,43.17,377.44,28.5,39.9,392.9,6.1
wheat,canal_command,deep_black_vertisol,rabi,100.9,60.0,40.8,7.51,0.47,16.96,8.66,24.29,52.73,496.22,34.3,38.2,427.0,13.9
wheat,well_irrigated,medium_clay_loam,rabi,124.2,57.2,35.4,7.39,0.5,22.5,16.11,27.64,41.86,518.29,36.6,58.1,561.0,11.4
wheat,canal_command,medium_clay_loam,rabi,87.4,48.7,41.7,7.91,0.47,16.09,8.86,21.8,50.26,394.8,35.8,33.0,364.6,7.8
wheat,canal_command,medium_clay_loam,rabi,85.5,41.0,42.1,7.39,0.53,23.57,15.77,31.04,49.37,380.52,21.9,25.6,432.2,9.5
wheat,well_irrigated,deep_black_vertisol,rabi,103.6,63.5,45.8,7.98,0.55,18.0,9.7,24.17,39.12,470.07,39.7,55.7,452.4,11.1
wheat,canal_command,deep_black_vertisol,rabi,122.6,47.9,42.0,7.57,0.5,21.59,15.15,29.36,35.36,405.19,33.0,40.5,382.6,8.6
wheat,canal_command,deep_black_vertisol,rabi,114.4,56.5,42.1,7.59,0.49,20.08,14.83,28.58,55.63,408.89,30.1,40.6,357.7,10.5
wheat,canal_command,deep_black_vertisol,rabi,124.2,53.8,42.3,7.94,0.58,21.26,13.92,28.79,55.09,516.47,39.8,49.9,460.0,12.4
wheat,well_irrigated,medium_clay_loam,rabi,116.8,59.3,34.6,7.93,0.42,17.28,9.63,24.98,42.83,469.26,34.1,23.0,494.9,9.1
wheat,well_irrigated,deep_black_vertisol,rabi,119.8,61.5,46.9,7.52,0.53,20.85,14.56,26.02,47.39,352.18,28.0,36.5,319.6,13.6
chickpea,rainfed_scarcity,medium_clay_loam,rabi,34.7,49.3,30.7,7.6,0.52,23.04,17.95,29.22,48.95,369.66,21.3,41.1,399.1,6.8
chickpea,rainfed_scarcity,deep_black_vertisol,rabi,18.3,40.3,27.4,7.57,0.41,25.86,18.99,33.85,39.44,241.88,21.4,22.6,242.4,9.3
chickpea,well_irrigated,medium_clay_loam,rabi,23.7,47.8,33.3,7.57,0.4,16.98,8.8,25.28,35.83,290.21,21.2,31.9,281.0,12.0
chickpea,well_irrigated,deep_black_vertisol,rabi,15.1,48.3,22.6,8.05,0.39,19.82,14.72,27.88,57.88,273.29,22.6,13.6,269.8,9.4
chickpea,well_irrigated,medium_clay_loam,rabi,25.5,58.4,26.1,7.42,0.42,22.39,15.03,27.93,56.12,306.53,24.9,22.3,296.0,7.3
chickpea,rainfed_scarcity,deep_black_vertisol,rabi,15.2,48.5,21.1,7.98,0.46,19.65,13.58,27.01,38.79,274.47,19.5,24.3,264.0,8.3
chickpea,rainfed_scarcity,medium_clay_loam,rabi,28.0,63.9,30.3,7.56,0.5,25.5,18.5,32.14,36.95,364.93,27.6,39.3,354.7,8.0
chickpea,well_irrigated,medium_clay_loam,rabi,31.7,51.4,26.8,7.68,0.54,23.26,14.55,29.14,42.76,249.93,15.8,27.5,236.9,10.0
chickpea,rainfed_scarcity,medium_clay_loam,rabi,16.4,51.2,18.3,7.51,0.51,19.84,12.4,26.85,52.96,261.86,14.3,13.1,234.3,13.4
chickpea,well_irrigated,medium_clay_loam,rabi,26.8,49.5,21.7,7.97,0.52,21.81,14.71,30.08,53.73,296.05,25.5,30.0,266.6,6.7
chickpea,well_irrigated,deep_black_vertisol,rabi,31.9,54.5,32.8,7.64,0.54,19.54,11.64,25.74,35.03,293.16,22.1,16.7,255.8,11.9
chickpea,rainfed_scarcity,medium_clay_loam,rabi,34.0,47.8,26.6,8.06,0.48,22.73,17.02,29.7,44.18,305.93,18.2,23.5,265.8,12.4
chickpea,rainfed_scarcity,deep_black_vertisol,rabi,25.9,63.1,26.4,7.26,0.46,21.76,15.9,28.64,46.49,327.2,18.6,24.8,290.2,8.1
chickpea,rainfed_scarcity,medium_clay_loam,rabi,21.4,46.9,23.1,8.07,0.45,21.53,12.77,30.22,57.1,253.72,20.9,26.6,279.3,11.1
chickpea,well_irrigated,deep_black_vertisol,rabi,15.3,64.3,24.4,7.55,0.43,20.24,14.27,26.55,59.63,291.54,22.2,19.2,293.6,10.2
chickpea,well_irrigated,medium_clay_loam,rabi,17.6,57.4,33.3,7.85,0.36,20.03,15.02,27.07,39.83,361.54,31.9,14.5,356.2,6.8
chickpea,well_irrigated,deep_black_vertisol,rabi,29.8,63.0,15.8,7.56,0.55,23.33,14.51,28.98,40.53,261.67,16.5,21.4,243.6,8.4
chickpea,rainfed_scarcity,medium_clay_loam,rabi,15.1,45.6,27.1,7.29,0.44,20.36,11.95,27.86,50.99,373.25,30.1,34.4,375.7,13.9
chickpea,well_irrigated,deep_black_vertisol,rabi,22.6,64.7,29.1,7.46,0.36,16.45,10.63,22.38,45.38,270.08,17.9,21.0,301.6,11.0
chickpea,rainfed_scarcity,medium_clay_loam,rabi,23.3,54.5,20.1,7.52,0.39,21.72,13.93,29.41,41.37,349.15,24.0,18.2,333.4,8.0
chickpea,rainfed_scarcity,deep_black_vertisol,rabi,17.8,56.2,32.3,7.46,0.44,18.28,11.84,23.37,58.84,298.22,23.6,32.5,317.5,12.3
chickpea,rainfed_scarcity,medium_clay_loam,rabi,18.3,51.9,27.4,7.74,0.52,18.16,12.45,24.17,57.29,371.74,26.5,29.8,383.5,10.6
chickpea,rainfed_scarcity,deep_black_vertisol,rabi,18.4,57.2,24.0,7.67,0.36,23.65,15.3,31.12,53.72,313.18,28.7,24.3,330.1,10.9
chickpea,well_irrigated,medium_clay_loam,rabi,29.0,59.6,25.3,7.93,0.45,25.57,17.56,31.25,55.74,317.22,21.9,30.9,277.7,13.9
chickpea,well_irrigated,medium_clay_loam,rabi,25.3,61.0,29.6,7.53,0.48,21.77,16.26,27.71,43.53,267.37,16.0,15.1,265.4,7.2
chickpea,well_irrigated,medium_clay_loam,rabi,19.2,55.2,29.5,7.54,0.47,21.02,15.24,28.94,55.04,330.83,20.7,37.8,326.4,8.6
chickpea,rainfed_scarcity,deep_black_vertisol,rabi,23.2,57.3,31.9,7.52,0.4,22.26,13.58,28.0,55.08,306.73,13.5,29.4,343.6,12.4
chickpea,well_irrigated,medium_clay_loam,rabi,24.2,45.7,18.7,7.9,0.39,23.93,17.22,32.91,39.93,253.02,19.4,27.0,248.3,6.6
chickpea,rainfed_scarcity,deep_black_vertisol,rabi,32.5,61.9,31.1,7.42,0.42,23.45,16.49,29.06,41.07,376.16,27.5,37.6,394.3,7.2
chickpea,well_irrigated,medium_clay_loam,rabi,22.1,58.9,21.5,7.91,0.49,21.78,15.3,27.6,52.76,252.79,26.0,29.9,224.7,13.8
chickpea,well_irrigated,deep_black_vertisol,rabi,23.3,64.1,23.0,7.53,0.49,17.79,11.33,23.95,50.04,262.79,19.9,24.9,229.3,10.4
chickpea,rainfed_scarcity,deep_black_vertisol,rabi,16.9,55.0,20.6,7.46,0.37,19.1,12.08,26.44,36.67,331.2,29.5,27.5,364.3,9.9
chickpea,rainfed_scarcity,medium_clay_loam,rabi,18.5,53.8,33.9,7.67,0.52,23.57,16.5,31.16,45.17,314.29,20.8,15.1,341.5,10.1
chickpea,rainfed_scarcity,deep_black_vertisol,rabi,34.0,50.7,16.6,7.31,0.5,16.68,8.05,22.8,57.47,348.29,32.6,19.9,358.3,13.0
chickpea,rainfed_scarcity,medium_clay_loam,rabi,19.0,47.7,29.8,7.22,0.53,16.71,10.2,22.03,54.22,259.78,22.1,16.4,256.2,13.1
chickpea,rainfed_scarcity,medium_clay_loam,rabi,31.6,50.5,32.8,7.31,0.49,19.48,14.08,26.03,57.01,377.27,28.5,41.8,378.4,9.1
chickpea,rainfed_scarcity,medium_clay_loam,rabi,15.9,53.9,16.4,7.44,0.46,24.07,16.83,32.82,55.26,261.87,21.5,31.2,282.6,9.1
chickpea,well_irrigated,medium_clay_loam,rabi,30.1,46.8,20.7,7.79,0.52,25.7,19.33,33.88,56.29,327.24,25.3,29.3,335.5,8.8
chickpea,rainfed_scarcity,medium_clay_loam,rabi,27.4,61.2,18.4,7.53,0.47,18.83,9.92,24.89,46.74,362.83,28.3,15.4,406.7,6.6
chickpea,rainfed_scarcity,medium_clay_loam,rabi,25.3,41.2,16.4,8.0,0.5,17.97,10.49,26.15,57.24,305.56,28.0,24.6,322.8,13.2
chickpea,rainfed_scarcity,medium_clay_loam,rabi,19.7,44.2,21.8,7.35,0.41,23.43,16.52,29.93,44.22,267.23,16.1,31.5,262.7,9.6
chickpea,well_irrigated,deep_black_vertisol,rabi,17.7,59.2,27.4,7.94,0.47,25.63,18.12,33.77,56.94,340.04,26.9,21.0,376.2,10.2
chickpea,well_irrigated,medium_clay_loam,rabi,27.4,42.0,24.9,7.83,0.47,20.49,14.59,26.72,52.52,271.39,22.0,12.2,239.5,11.0
chickpea,rainfed_scarcity,deep_black_vertisol,rabi,25.5,41.0,31.5,7.65,0.42,19.19,10.74,24.98,39.01,269.84,20.5,28.3,256.2,11.0
chickpea,rainfed_scarcity,medium_clay_loam,rabi,19.2,55.5,19.9,7.99,0.37,16.32,10.97,24.71,51.28,374.08,29.3,31.1,384.3,8.7
chickpea,well_irrigated,deep_black_vertisol,rabi,15.1,40.9,28.3,7.67,0.51,19.0,10.74,25.71,37.42,376.91,22.6,34.1,396.2,10.1
chickpea,rainfed_scarcity,deep_black_vertisol,rabi,30.0,61.8,22.7,7.79,0.5,17.9,11.57,23.34,50.06,352.13,27.2,37.6,331.3,10.9
chickpea,rainfed_scarcity,medium_clay_loam,rabi,30.7,40.5,19.8,7.69,0.49,24.81,17.24,31.33,39.62,346.41,20.8,33.1,313.3,7.7
chickpea,well_irrigated,deep_black_vertisol,rabi,20.0,47.1,27.9,7.34,0.54,21.54,14.58,28.28,49.17,243.14,16.2,21.2,238.6,13.9
chickpea,rainfed_scarcity,deep_black_vertisol,rabi,33.5,40.3,26.6,8.07,0.4,18.54,13.54,23.81,36.12,355.17,26.9,34.9,339.5,12.7
chickpea,rainfed_scarcity,medium_clay_loam,rabi,25.8,47.6,23.7,7.26,0.54,22.19,14.27,29.9,51.69,242.42,17.8,15.3,244.7,10.2
chickpea,well_irrigated,medium_clay_loam,rabi,24.5,56.1,25.0,7.77,0.38,16.39,10.84,22.53,41.33,326.12,26.7,14.1,280.6,9.6
chickpea,rainfed_scarcity,deep_black_vertisol,rabi,22.1,40.2,24.9,7.52,0.46,23.21,17.2,28.84,41.95,240.25,14.8,28.7,216.3,7.0
chickpea,rainfed_scarcity,deep_black_vertisol,rabi,29.1,48.1,21.6,7.71,0.52,19.86,14.62,26.36,40.18,371.49,30.8,16.4,348.4,11.6
chickpea,well_irrigated,medium_clay_loam,rabi,31.6,62.7,17.2,7.6,0.54,17.45,11.28,23.67,35.75,245.08,11.3,17.2,260.9,13.6
chickpea,well_irrigated,deep_black_vertisol,rabi,19.6,42.5,29.6,7.36,0.36,20.27,15.11,29.13,50.68,261.38,22.2,22.4,250.1,7.4
chickpea,well_irrigated,medium_clay_loam,rabi,25.9,50.8,34.3,7.55,0.43,22.66,14.42,30.16,52.47,292.21,24.3,16.9,248.5,9.8
chickpea,rainfed_scarcity,medium_clay_loam,rabi,21.1,44.9,20.4,7.5,0.44,16.69,11.48,22.87,42.39,256.47,15.2,16.1,220.0,9.2
chickpea,well_irrigated,medium_clay_loam,rabi,32.7,45.2,18.3,7.69,0.48,25.58,19.07,33.05,56.95,302.99,18.8,12.5,325.9,7.0
chickpea,well_irrigated,medium_clay_loam,rabi,15.0,61.8,23.9,7.41,0.4,18.41,12.63,26.77,39.26,318.66,22.6,37.0,328.5,6.6
chickpea,rainfed_scarcity,medium_clay_loam,rabi,23.0,60.3,32.1,7.83,0.37,16.16,10.49,21.63,53.13,317.98,21.2,18.0,308.5,10.2
chickpea,well_irrigated,deep_black_vertisol,rabi,20.1,57.5,24.8,8.0,0.4,20.51,15.12,26.85,47.67,342.58,23.8,19.7,356.1,7.6
chickpea,well_irrigated,deep_black_vertisol,rabi,24.6,60.9,25.0,7.79,0.48,24.04,16.48,29.3,43.55,378.5,33.0,32.9,364.0,7.6
chickpea,well_irrigated,deep_black_vertisol,rabi,22.2,44.6,34.2,7.84,0.5,20.36,14.92,26.43,41.49,308.15,24.3,23.0,307.8,9.7
chickpea,rainfed_scarcity,deep_black_vertisol,rabi,21.0,55.4,19.8,7.62,0.39,21.58,15.52,26.73,55.38,257.96,8.8,25.3,265.4,8.9
chickpea,well_irrigated,deep_black_vertisol,rabi,16.0,59.2,22.1,8.0,0.43,23.18,14.42,30.78,45.34,319.44,20.4,27.7,285.6,10.3
chickpea,rainfed_scarcity,medium_clay_loam,rabi,17.9,40.4,27.5,7.31,0.5,24.66,15.88,32.32,47.05,289.32,19.6,28.2,264.8,9.9
chickpea,well_irrigated,deep_black_vertisol,rabi,30.0,44.4,19.9,7.22,0.49,22.18,14.4,28.04,52.18,323.49,19.9,24.3,330.1,8.9
chickpea,rainfed_scarcity,medium_clay_loam,rabi,27.8,44.5,25.8,7.61,0.44,20.69,12.17,28.97,50.74,340.31,25.1,22.3,303.5,6.3
chickpea,well_irrigated,deep_black_vertisol,rabi,15.9,44.0,15.6,7.86,0.4,19.69,11.4,25.15,55.89,329.54,31.5,16.3,289.2,8.7
chickpea,rainfed_scarcity,deep_black_vertisol,rabi,17.8,46.7,16.1,7.74,0.38,23.57,17.69,31.76,39.75,340.99,23.6,27.1,305.1,8.7
chickpea,rainfed_scarcity,deep_black_vertisol,rabi,17.8,50.9,17.2,7.4,0.47,25.77,18.97,33.52,48.49,309.77,23.6,16.0,345.4,6.5
chickpea,rainfed_scarcity,deep_black_vertisol,rabi,27.3,53.2,22.6,7.55,0.46,17.41,10.86,24.2,59.63,289.2,23.2,18.9,289.6,11.2
chickpea,rainfed_scarcity,medium_clay_loam,rabi,29.1,41.8,30.1,7.69,0.41,24.63,15.68,30.64,55.16,345.02,28.4,40.2,343.6,12.0
chickpea,well_irrigated,deep_black_vertisol,rabi,31.5,52.0,24.6,7.49,0.51,22.86,16.06,29.54,36.81,240.91,23.4,20.1,272.5,10.2
chickpea,well_irrigated,deep_black_vertisol,rabi,34.8,47.4,27.8,7.65,0.42,17.39,11.85,25.24,44.44,374.58,26.6,44.5,341.5,8.6
chickpea,rainfed_scarcity,deep_black_vertisol,rabi,21.3,62.1,25.4,7.32,0.39,19.11,11.75,25.44,53.68,326.28,16.1,39.1,312.1,13.0
chickpea,rainfed_scarcity,deep_black_vertisol,rabi,31.2,42.2,22.7,7.28,0.38,16.05,11.01,22.57,55.23,322.18,24.2,26.3,353.1,11.1
chickpea,well_irrigated,deep_black_vertisol,rabi,32.0,60.3,18.7,7.73,0.47,21.28,14.36,26.64,37.55,366.32,23.9,32.5,356.1,11.0
chickpea,well_irrigated,medium_clay_loam,rabi,16.2,43.5,22.9,7.83,0.36,19.35,11.57,27.51,39.76,342.41,21.8,38.5,372.1,13.6
chickpea,well_irrigated,medium_clay_loam,rabi,19.7,55.8,27.9,7.57,0.45,22.94,14.13,29.12,41.16,324.25,21.0,25.7,336.0,7.0
chickpea,well_irrigated,medium_clay_loam,rabi,19.1,48.4,22.4,7.81,0.46,19.82,13.02,24.87,54.26,245.74,19.1,20.5,247.8,12.6
chickpea,rainfed_scarcity,medium_clay_loam,rabi,32.2,63.6,25.9,7.34,0.53,16.41,8.18,24.13,57.62,365.64,23.6,16.9,360.0,6.4
chickpea,rainfed_scarcity,deep_black_vertisol,rabi,29.6,64.2,26.4,7.41,0.52,24.53,16.6,31.99,56.69,262.86,20.8,30.4,292.2,13.5
chickpea,well_irrigated,medium_clay_loam,rabi,32.2,52.4,26.9,7.96,0.36,19.63,11.37,27.89,56.22,263.69,21.3,15.7,282.5,11.6
chickpea,well_irrigated,medium_clay_loam,rabi,34.7,54.5,27.7,7.53,0.5,20.95,15.88,28.38,55.76,273.15,18.6,24.2,299.2,7.8
chickpea,well_irrigated,deep_black_vertisol,rabi,33.6,63.2,19.0,7.44,0.49,25.52,17.68,32.3,39.23,304.54,23.3,15.4,300.2,10.9
chickpea,rainfed_scarcity,deep_black_vertisol,rabi,16.0,61.4,19.1,7.72,0.38,18.63,12.18,24.2,36.15,362.8,18.9,16.3,396.0,6.1
chickpea,well_irrigated,deep_black_vertisol,rabi,29.5,43.7,19.7,7.72,0.55,16.73,10.13,21.91,39.98,367.05,26.5,40.0,371.2,6.8
chickpea,well_irrigated,medium_clay_loam,rabi,18.0,59.1,28.6,7.69,0.51,22.48,13.97,29.01,49.75,361.88,28.3,28.5,411.9,7.7
chickpea,well_irrigated,medium_clay_loam,rabi,20.1,48.8,32.7,8.06,0.54,22.99,15.95,28.72,38.08,248.37,19.4,21.2,285.5,6.1
chickpea,rainfed_scarcity,medium_clay_loam,rabi,28.1,51.6,18.0,7.66,0.38,19.98,11.21,26.35,38.82,321.54,25.1,17.8,292.3,10.8
chickpea,well_irrigated,medium_clay_loam,rabi,19.9,61.0,24.4,7.59,0.41,23.74,15.22,29.78,37.38,259.17,15.2,17.4,260.3,12.3
chickpea,rainfed_scarcity,deep_black_vertisol,rabi,27.8,44.4,18.2,7.57,0.37,23.56,16.95,29.93,47.73,339.25,24.7,35.3,352.4,10.6
chickpea,well_irrigated,deep_black_vertisol,rabi,28.9,44.8,16.0,8.01,0.54,23.27,15.37,29.35,48.56,378.91,24.1,29.8,368.1,12.8
chickpea,well_irrigated,deep_black_vertisol,rabi,27.5,40.3,30.3,7.87,0.52,24.41,17.15,32.53,47.31,373.21,23.7,42.3,346.2,7.5
chickpea,well_irrigated,medium_clay_loam,rabi,23.8,55.4,19.6,7.7,0.51,18.57,11.25,24.93,48.24,333.37,25.1,35.3,355.9,8.8
chickpea,rainfed_scarcity,medium_clay_loam,rabi,18.5,45.6,24.7,7.97,0.39,25.71,20.2,31.41,39.18,322.04,24.6,19.5,327.2,13.3
chickpea,well_irrigated,deep_black_vertisol,rabi,27.6,43.1,24.8,7.79,0.47,17.4,11.75,25.09,55.22,367.13,27.2,24.4,315.2,12.5
chickpea,well_irrigated,deep_black_vertisol,rabi,28.0,60.4,20.3,7.66,0.48,21.52,15.42,29.7,39.33,366.7,29.0,25.4,353.1,13.6
chickpea,well_irrigated,medium_clay_loam,rabi,24.1,40.7,33.4,7.59,0.39,21.56,15.68,27.38,48.64,294.75,28.4,32.5,306.2,10.6
chickpea,well_irrigated,deep_black_vertisol,rabi,24.4,60.2,33.5,7.41,0.46,17.59,10.6,22.95,58.54,329.33,30.2,39.5,298.0,12.8
chickpea,well_irrigated,deep_black_vertisol,rabi,32.7,54.4,27.8,7.57,0.48,19.96,13.05,25.37,35.2,247.72,17.0,13.0,268.6,7.5
chickpea,rainfed_scarcity,deep_black_vertisol,rabi,30.8,63.0,17.4,7.35,0.42,25.15,17.05,31.45,37.19,326.29,24.3,26.9,369.5,8.1
chickpea,well_irrigated,deep_black_vertisol,rabi,33.5,49.8,27.7,8.0,0.47,22.15,14.28,30.68,37.2,287.16,20.9,17.0,247.2,9.2
chickpea,rainfed_scarcity,deep_black_vertisol,rabi,28.9,50.7,25.3,8.03,0.37,16.71,8.3,24.81,41.59,285.39,22.9,26.2,247.8,8.5
chickpea,well_irrigated,medium_clay_loam,rabi,17.7,60.5,22.6,7.67,0.36,16.58,8.88,24.65,52.75,343.18,22.0,16.4,369.7,6.8
chickpea,well_irrigated,medium_clay_loam,rabi,29.3,60.1,34.8,7.32,0.54,22.01,13.76,29.61,49.25,338.51,27.6,38.6,299.4,8.6
chickpea,well_irrigated,medium_clay_loam,rabi,15.6,46.8,19.4,7.24,0.45,20.69,15.38,26.73,58.83,255.5,15.4,19.5,229.2,8.4
chickpea,well_irrigated,medium_clay_loam,rabi,30.0,44.5,15.9,7.27,0.48,17.36,10.38,22.97,39.25,240.61,23.7,11.4,233.0,8.6
chickpea,well_irrigated,deep_black_vertisol,rabi,22.4,57.6,29.8,7.83,0.54,18.37,12.62,25.81,49.87,311.41,26.3,20.8,355.1,6.0
chickpea,well_irrigated,deep_black_vertisol,rabi,17.8,50.0,24.9,7.77,0.45,21.37,16.27,27.38,42.77,378.19,28.7,42.3,356.0,8.4
chickpea,rainfed_scarcity,deep_black_vertisol,rabi,20.0,46.8,34.6,7.81,0.54,24.35,17.04,32.05,50.62,333.28,31.6,14.3,331.6,8.1
chickpea,well_irrigated,deep_black_vertisol,rabi,24.8,53.8,19.0,7.91,0.42,25.57,16.59,34.23,37.12,286.65,15.0,29.9,322.0,13.6
chickpea,well_irrigated,deep_black_vertisol,rabi,24.6,42.7,31.8,7.87,0.36,18.09,10.87,25.83,38.44,274.28,24.5,28.4,262.5,7.5
chickpea,rainfed_scarcity,medium_clay_loam,rabi,34.6,57.5,23.3,7.84,0.53,17.29,11.23,25.96,58.66,307.78,26.7,19.3,307.7,9.0
chickpea,well_irrigated,deep_black_vertisol,rabi,18.0,50.5,33.2,7.51,0.5,19.89,11.67,28.82,44.7,358.31,26.7,28.3,337.2,13.9
chickpea,well_irrigated,medium_clay_loam,rabi,24.8,45.0,29.2,7.68,0.53,24.11,17.82,31.13,53.76,267.05,21.2,28.9,238.0,6.3
chickpea,rainfed_scarcity,deep_black_vertisol,rabi,33.3,51.5,31.1,7.53,0.52,24.25,18.93,31.58,51.0,240.12,19.9,13.3,248.1,13.8
chickpea,well_irrigated,deep_black_vertisol,rabi,26.7,59.7,29.6,7.41,0.44,17.49,12.32,22.74,58.56,377.84,18.2,25.2,334.1,6.8
chickpea,well_irrigated,medium_clay_loam,rabi,24.9,55.5,25.8,7.84,0.41,17.37,12.3,24.16,57.7,282.74,18.6,28.3,303.2,7.6
chickpea,well_irrigated,medium_clay_loam,rabi,28.5,56.0,34.3,8.07,0.43,21.9,16.33,27.16,45.82,336.58,32.1,25.0,368.7,10.5
chickpea,well_irrigated,deep_black_vertisol,rabi,29.6,41.9,30.9,8.03,0.36,20.02,11.06,27.41,47.84,264.84,15.7,20.4,238.2,10.5
chickpea,well_irrigated,deep_black_vertisol,rabi,34.5,51.7,27.6,7.59,0.38,25.71,20.19,31.15,46.48,332.24,24.2,18.4,364.0,8.8
chickpea,well_irrigated,deep_black_vertisol,rabi,18.9,49.1,19.3,7.67,0.48,24.0,18.09,29.66,35.49,271.93,16.7,23.5,262.4,6.2
chickpea,rainfed_scarcity,medium_clay_loam,rabi,23.0,45.2,28.6,7.53,0.38,19.5,13.6,27.68,59.58,243.57,16.6,14.9,211.9,11.5
chickpea,rainfed_scarcity,medium_clay_loam,rabi,32.6,48.8,34.9,7.6,0.39,23.77,15.07,32.03,53.63,286.86,20.5,33.4,306.0,6.5
chickpea,well_irrigated,medium_clay_loam,rabi,20.5,57.1,32.2,7.63,0.44,23.19,15.95,32.17,45.63,264.63,14.3,15.6,269.5,9.8
chickpea,rainfed_scarcity,deep_black_vertisol,rabi,34.0,61.5,18.1,7.36,0.45,23.73,17.85,28.97,48.64,336.82,25.4,15.0,307.2,8.0
chickpea,well_irrigated,medium_clay_loam,rabi,23.1,60.5,26.5,7.4,0.36,21.53,16.0,27.9,47.75,366.52,23.0,34.3,313.1,6.7
chickpea,rainfed_scarcity,medium_clay_loam,rabi,26.0,60.3,25.6,7.52,0.4,16.85,9.71,25.41,47.87,343.47,18.1,16.7,334.9,8.4
chickpea,rainfed_scarcity,deep_black_vertisol,rabi,22.9,56.3,30.2,7.49,0.51,19.39,13.36,25.28,40.0,343.2,23.5,20.1,300.5,13.1
chickpea,rainfed_scarcity,medium_clay_loam,rabi,28.2,49.2,26.0,7.87,0.43,26.0,19.81,34.91,40.08,255.53,22.8,17.2,288.6,12.0
chickpea,rainfed_scarcity,medium_clay_loam,rabi,15.6,47.5,30.9,7.81,0.44,18.56,13.33,24.91,46.5,336.18,27.6,38.9,295.9,11.2
chickpea,well_irrigated,medium_clay_loam,rabi,24.6,56.8,24.9,8.02,0.47,16.4,10.94,24.41,52.89,261.49,27.1,13.3,259.4,6.5
chickpea,well_irrigated,medium_clay_loam,rabi,33.6,45.5,29.7,7.67,0.35,21.17,15.77,28.81,49.14,241.46,22.4,24.7,225.2,7.6
chickpea,well_irrigated,medium_clay_loam,rabi,21.2,63.0,25.7,7.83,0.37,16.4,10.37,22.64,52.19,319.68,20.0,14.4,353.7,9.0
chickpea,rainfed_scarcity,deep_black_vertisol,rabi,28.0,47.7,22.4,7.27,0.52,21.92,16.59,30.14,46.1,347.11,27.9,14.7,312.8,6.1
chickpea,rainfed_scarcity,deep_black_vertisol,rabi,30.3,57.7,27.3,8.0,0.4,25.04,16.41,31.78,37.36,341.72,23.6,28.4,342.5,8.7
chickpea,well_irrigated,medium_clay_loam,rabi,22.3,42.1,24.3,7.96,0.4,23.65,17.91,31.34,57.89,285.35,23.2,23.0,269.7,13.2
chickpea,rainfed_scarcity,medium_clay_loam,rabi,15.6,40.7,27.0,7.92,0.5,16.79,7.99,24.61,58.73,286.07,20.1,33.5,265.9,11.6
chickpea,rainfed_scarcity,medium_clay_loam,rabi,33.4,64.2,20.7,7.32,0.5,25.3,17.89,32.83,54.07,261.43,23.6,18.1,271.5,13.8
chickpea,rainfed_scarcity,medium_clay_loam,rabi,24.4,57.6,34.9,7.79,0.51,16.28,8.03,22.48,38.17,255.87,15.9,21.0,222.5,11.4
chickpea,rainfed_scarcity,deep_black_vertisol,rabi,28.3,64.2,23.5,7.38,0.51,23.44,15.0,29.3,45.12,377.42,25.7,35.4,347.7,7.3
chickpea,well_irrigated,medium_clay_loam,rabi,31.0,52.2,31.1,7.58,0.55,20.36,14.76,26.97,53.56,358.71,31.4,37.7,375.7,9.7
chickpea,well_irrigated,deep_black_vertisol,rabi,26.5,40.1,15.8,8.08,0.38,20.05,11.31,25.83,56.09,354.56,27.8,22.2,334.9,13.9
chickpea,well_irrigated,deep_black_vertisol,rabi,19.7,53.7,29.1,7.44,0.54,22.66,17.47,28.2,39.77,274.29,19.6,31.0,279.0,11.8
chickpea,rainfed_scarcity,deep_black_vertisol,rabi,34.1,46.1,33.1,7.85,0.5,23.65,16.62,31.91,55.9,290.47,19.0,32.3,292.6,9.2
chickpea,rainfed_scarcity,medium_clay_loam,rabi,27.5,54.8,15.6,7.45,0.45,21.87,14.35,29.74,51.41,358.8,25.0,28.1,333.8,8.4
chickpea,rainfed_scarcity,medium_clay_loam,rabi,22.1,41.5,24.3,8.1,0.41,23.36,16.17,29.66,37.24,270.22,20.9,16.8,241.4,12.3
chickpea,rainfed_scarcity,medium_clay_loam,rabi,26.7,57.6,22.7,7.65,0.44,16.09,9.51,23.44,49.25,344.97,22.1,26.6,369.1,11.4
chickpea,rainfed_scarcity,medium_clay_loam,rabi,34.0,53.6,21.1,7.82,0.36,20.84,13.9,26.49,55.93,351.55,22.9,24.3,309.4,7.2
chickpea,well_irrigated,medium_clay_loam,rabi,21.5,51.0,21.5,7.48,0.5,23.48,16.4,31.11,47.79,244.0,23.9,27.6,209.6,6.5
chickpea,rainfed_scarcity,medium_clay_loam,rabi,19.5,60.4,31.9,7.39,0.49,23.32,17.61,30.05,50.51,243.65,15.7,12.8,246.7,9.2
chickpea,well_irrigated,deep_black_vertisol,rabi,25.5,40.9,15.6,7.74,0.42,21.73,16.07,29.83,56.52,364.49,22.3,36.8,323.0,8.4
chickpea,well_irrigated,deep_black_vertisol,rabi,23.8,61.4,29.8,7.54,0.53,18.83,9.97,26.9,59.77,247.55,22.2,24.6,278.9,8.2
chickpea,well_irrigated,medium_clay_loam,rabi,15.0,46.4,32.1,7.89,0.42,16.02,8.8,21.97,53.64,302.49,23.2,20.2,326.9,11.4
chickpea,rainfed_scarcity,medium_clay_loam,rabi,32.8,41.8,31.7,7.28,0.36,19.63,10.81,28.57,40.05,260.81,24.2,17.5,281.1,8.8
chickpea,rainfed_scarcity,deep_black_vertisol,rabi,30.6,58.7,26.6,7.95,0.39,17.62,9.62,23.6,35.07,367.67,34.4,24.5,417.7,11.0
chickpea,rainfed_scarcity,deep_black_vertisol,rabi,27.8,59.4,24.4,7.88,0.54,23.44,17.2,30.69,57.79,302.87,21.1,23.4,268.5,11.5
chickpea,rainfed_scarcity,medium_clay_loam,rabi,34.0,55.3,17.1,7.97,0.45,23.72,18.21,32.35,49.76,343.36,21.2,39.8,310.9,6.3
chickpea,rainfed_scarcity,medium_clay_loam,rabi,15.9,44.9,21.8,7.92,0.51,25.53,16.86,30.85,55.75,303.16,19.1,14.3,332.5,12.9
chickpea,well_irrigated,medium_clay_loam,rabi,21.7,40.7,17.5,7.6,0.51,23.74,17.8,29.34,44.73,363.66,23.8,28.2,322.9,6.7
chickpea,rainfed_scarcity,deep_black_vertisol,rabi,18.8,46.4,20.5,7.78,0.36,16.81,11.05,25.3,50.72,342.25,26.0,19.5,294.8,9.0
chickpea,rainfed_scarcity,medium_clay_loam,rabi,26.5,62.4,32.6,7.58,0.43,17.61,11.58,26.31,38.53,375.62,23.0,34.9,371.1,10.0
chickpea,well_irrigated,deep_black_vertisol,rabi,20.3,41.7,25.4,7.48,0.49,23.24,16.91,30.91,41.47,341.8,24.9,17.8,315.7,6.1
chickpea,well_irrigated,deep_black_vertisol,rabi,16.3,44.7,22.2,7.21,0.5,21.6,13.0,26.73,41.78,342.38,27.8,35.4,294.4,11.4
chickpea,well_irrigated,medium_clay_loam,rabi,20.0,63.7,25.8,7.23,0.43,25.66,17.74,31.87,49.38,323.87,18.5,17.6,328.9,6.2
chickpea,well_irrigated,deep_black_vertisol,rabi,18.8,59.3,24.8,7.48,0.38,22.11,14.45,29.79,40.51,323.35,19.6,32.9,292.0,13.2
chickpea,well_irrigated,deep_black_vertisol,rabi,17.0,46.7,23.2,7.26,0.52,21.14,13.78,27.62,51.75,300.45,20.2,31.8,315.9,12.1
chickpea,well_irrigated,medium_clay_loam,rabi,30.6,52.4,17.2,7.3,0.54,18.14,9.87,24.12,45.77,331.69,28.4,27.7,338.2,7.3
chickpea,rainfed_scarcity,medium_clay_loam,rabi,23.7,42.2,21.2,8.01,0.46,23.43,16.13,29.2,49.87,345.75,30.3,36.4,351.5,7.1
chickpea,well_irrigated,deep_black_vertisol,rabi,25.4,49.9,20.9,7.89,0.53,23.63,15.24,32.26,57.82,256.05,19.2,29.2,232.9,9.7
chickpea,well_irrigated,deep_black_vertisol,rabi,27.9,44.0,19.8,7.62,0.39,21.85,14.91,28.93,38.36,312.42,23.3,34.5,297.7,6.4
chickpea,rainfed_scarcity,medium_clay_loam,rabi,29.0,59.2,21.3,7.4,0.43,16.24,7.57,22.79,59.71,346.6,21.0,20.6,321.3,6.6
chickpea,rainfed_scarcity,medium_clay_loam,rabi,25.0,56.7,20.6,7.67,0.42,19.21,13.22,25.85,51.5,271.09,23.8,13.5,269.5,13.7
chickpea,rainfed_scarcity,deep_black_vertisol,rabi,15.5,63.1,31.2,7.82,0.52,24.03,16.44,32.42,44.77,317.39,19.4,14.6,354.1,12.2
chickpea,rainfed_scarcity,deep_black_vertisol,rabi,27.6,56.1,20.6,8.09,0.36,22.08,15.16,28.06,39.09,343.19,20.9,16.7,311.7,13.3
chickpea,rainfed_scarcity,deep_black_vertisol,rabi,15.3,52.7,25.3,7.44,0.48,25.45,18.65,33.45,51.15,306.21,19.9,17.7,347.4,6.4
chickpea,well_irrigated,medium_clay_loam,rabi,34.2,46.4,31.7,7.75,0.55,25.46,16.57,34.27,35.19,343.75,31.1,33.1,393.3,8.2
chickpea,well_irrigated,deep_black_vertisol,rabi,26.3,58.4,20.1,7.4,0.36,16.94,9.31,23.96,35.75,375.75,21.1,34.8,360.4,11.2
chickpea,rainfed_scarcity,deep_black_vertisol,rabi,28.7,42.3,33.2,7.64,0.43,25.55,18.8,33.44,51.38,263.12,20.2,20.3,254.8,13.9
chickpea,well_irrigated,medium_clay_loam,rabi,25.6,57.6,31.9,7.41,0.38,16.69,8.1,22.49,42.69,280.01,22.3,18.6,272.3,8.4
chickpea,rainfed_scarcity,deep_black_vertisol,rabi,23.6,63.2,25.1,7.51,0.54,20.26,14.33,25.97,59.88,345.42,26.4,36.7,350.3,9.3
chickpea,well_irrigated,deep_black_vertisol,rabi,29.9,58.6,25.0,7.24,0.37,23.89,15.59,31.6,55.98,340.73,24.2,26.3,320.0,13.2
chickpea,well_irrigated,deep_black_vertisol,rabi,33.2,50.3,33.8,7.67,0.45,22.0,15.93,28.54,48.83,371.88,23.7,24.8,317.3,11.1
chickpea,well_irrigated,medium_clay_loam,rabi,24.9,63.5,26.0,7.74,0.49,19.21,11.41,26.32,51.81,357.02,24.6,17.2,375.7,7.5
chickpea,well_irrigated,deep_black_vertisol,rabi,26.9,45.5,21.1,7.32,0.4,24.21,16.66,33.01,36.22,350.94,26.9,21.4,375.1,11.6
chickpea,well_irrigated,deep_black_vertisol,rabi,24.2,57.2,23.9,7.5,0.44,24.95,18.41,31.57,50.21,345.42,31.1,29.3,369.4,11.9
chickpea,well_irrigated,medium_clay_loam,rabi,27.9,54.1,22.5,7.32,0.54,20.62,13.35,28.62,36.71,359.7,16.3,36.7,308.1,12.4
chickpea,rainfed_scarcity,medium_clay_loam,rabi,16.1,53.8,29.4,7.31,0.49,20.5,12.25,27.63,43.4,286.48,12.6,12.4,274.8,13.2
chickpea,rainfed_scarcity,deep_black_vertisol,rabi,30.2,45.5,23.3,7.38,0.54,21.98,13.96,29.84,56.84,372.91,23.5,44.0,414.4,6.3
chickpea,rainfed_scarcity,deep_black_vertisol,rabi,31.7,58.4,30.9,7.4,0.48,16.26,7.87,25.06,51.55,311.77,27.7,30.4,278.4,11.8
chickpea,rainfed_scarcity,deep_black_vertisol,rabi,29.3,50.8,32.8,7.48,0.36,22.5,14.76,29.71,52.08,313.33,17.6,13.6,301.0,11.5
chickpea,rainfed_scarcity,deep_black_vertisol,rabi,17.0,45.9,18.8,8.08,0.41,18.31,9.97,24.99,45.54,302.1,17.9,33.4,271.4,9.3
chickpea,well_irrigated,deep_black_vertisol,rabi,26.4,48.6,23.4,7.93,0.53,23.91,17.97,32.83,44.08,263.67,15.9,25.8,230.7,10.0
chickpea,well_irrigated,medium_clay_loam,rabi,32.2,46.5,28.9,7.56,0.43,18.81,11.31,25.25,55.77,374.81,34.8,44.3,406.7,13.5
chickpea,well_irrigated,deep_black_vertisol,rabi,15.5,60.6,18.5,7.25,0.52,21.66,16.15,28.21,37.14,329.32,22.9,36.0,315.3,8.3
chickpea,well_irrigated,medium_clay_loam,rabi,16.3,46.9,28.5,7.86,0.4,21.04,12.77,27.56,38.34,300.46,24.6,21.8,270.1,10.8
chickpea,rainfed_scarcity,deep_black_vertisol,rabi,20.7,45.4,26.8,8.02,0.52,17.82,9.76,23.74,42.27,368.81,28.2,19.7,320.6,13.3
bajra,rainfed_scarcity,shallow_murrum,summer,52.5,35.5,20.4,7.81,0.34,26.15,18.0,34.4,36.64,275.71,14.2,22.3,266.2,13.7
bajra,rainfed_scarcity,shallow_murrum,kharif,57.5,21.0,34.0,7.96,0.46,26.05,18.05,31.25,58.5,369.47,26.8,24.2,409.5,15.8
bajra,rainfed_scarcity,shallow_murrum,kharif,61.7,34.2,34.4,7.97,0.29,26.87,19.27,33.47,47.02,289.28,20.7,22.7,261.3,19.8
bajra,rainfed_scarcity,shallow_murrum,summer,50.8,35.3,23.3,7.57,0.28,26.94,21.35,32.25,56.91,404.94,24.0,47.3,404.0,23.2
bajra,rainfed_scarcity,medium_clay_loam,summer,38.9,20.7,33.5,8.26,0.45,34.35,28.24,41.21,43.78,419.2,27.3,25.4,402.1,23.4
bajra,rainfed_scarcity,shallow_murrum,kharif,40.1,22.4,25.0,8.33,0.39,32.47,25.92,38.22,36.68,386.45,30.1,30.7,369.9,22.7
bajra,rainfed_scarcity,shallow_murrum,summer,55.2,18.8,25.0,8.08,0.41,35.78,27.32,41.02,51.77,307.18,23.3,33.2,326.4,20.2
bajra,rainfed_scarcity,shallow_murrum,kharif,43.4,25.0,30.4,8.37,0.36,26.32,19.54,33.5,54.03,373.86,37.7,38.4,351.3,23.6
bajra,rainfed_scarcity,shallow_murrum,kharif,55.2,38.0,20.8,7.59,0.31,31.89,26.35,39.51,54.11,323.57,24.8,18.3,308.4,18.7
bajra,rainfed_scarcity,medium_clay_loam,kharif,39.6,30.3,38.0,8.05,0.36,29.32,20.59,37.8,44.17,310.08,26.6,20.2,274.7,20.5
bajra,rainfed_scarcity,shallow_murrum,summer,48.0,23.1,22.3,7.41,0.42,32.14,26.39,40.92,42.29,254.33,15.1,11.3,263.3,14.6
bajra,rainfed_scarcity,shallow_murrum,kharif,57.8,33.5,37.2,7.46,0.29,35.87,28.29,43.73,32.89,261.87,22.2,19.4,231.2,13.9
bajra,rainfed_scarcity,medium_clay_loam,summer,51.8,18.0,20.3,7.78,0.29,27.34,21.41,34.05,51.45,272.56,22.0,11.9,267.7,20.9
bajra,rainfed_scarcity,medium_clay_loam,summer,64.4,37.0,25.9,8.02,0.48,34.31,27.39,40.36,34.11,332.96,28.7,39.1,369.1,20.7
bajra,rainfed_scarcity,shallow_murrum,summer,56.6,23.8,31.7,8.07,0.34,28.34,22.93,33.55,55.75,258.47,21.1,17.2,234.6,13.1
bajra,rainfed_scarcity,medium_clay_loam,summer,44.6,24.7,32.8,7.65,0.48,31.61,24.46,37.67,55.05,347.37,24.9,19.6,344.1,13.9
bajra,rainfed_scarcity,shallow_murrum,kharif,63.2,31.3,28.1,7.65,0.43,35.82,28.92,41.47,33.1,295.77,21.7,19.1,294.1,18.8
bajra,rainfed_scarcity,medium_clay_loam,summer,47.6,22.5,21.3,7.86,0.46,28.91,21.86,36.33,43.51,282.59,22.2,24.1,302.0,23.1
bajra,rainfed_scarcity,shallow_murrum,summer,64.9,27.1,26.5,7.76,0.36,28.76,19.84,37.24,39.5,301.89,21.4,25.9,338.1,13.2
bajra,rainfed_scarcity,medium_clay_loam,summer,59.2,26.6,32.0,7.83,0.37,35.91,28.46,42.38,37.73,256.76,22.9,17.9,281.5,20.5
bajra,rainfed_scarcity,medium_clay_loam,kharif,46.2,33.6,27.8,8.28,0.41,28.41,21.13,33.42,39.37,285.35,19.7,19.0,242.8,19.9
bajra,rainfed_scarcity,medium_clay_loam,summer,44.3,22.4,20.3,7.55,0.46,32.83,25.9,41.47,30.89,308.64,20.3,27.9,353.2,21.9
bajra,rainfed_scarcity,medium_clay_loam,kharif,40.1,37.4,36.9,7.77,0.5,26.36,18.72,32.42,33.88,348.18,28.0,24.9,314.9,15.7
bajra,rainfed_scarcity,shallow_murrum,summer,59.9,30.0,30.2,7.91,0.37,30.57,21.62,38.57,42.92,327.74,32.6,30.4,324.4,18.0
bajra,rainfed_scarcity,shallow_murrum,summer,44.9,26.2,35.3,7.73,0.49,27.73,21.76,34.58,53.92,374.37,29.8,23.8,365.6,14.1
bajra,rainfed_scarcity,medium_clay_loam,kharif,52.8,23.0,21.3,7.8,0.3,31.27,22.91,36.74,33.38,263.64,13.8,12.2,301.9,22.2
bajra,rainfed_scarcity,shallow_murrum,kharif,44.9,19.8,29.7,7.99,0.39,29.11,22.64,35.39,42.78,308.1,19.2,23.1,262.3,20.1
bajra,rainfed_scarcity,medium_clay_loam,kharif,42.7,19.1,36.2,7.72,0.37,34.27,28.61,42.67,37.25,350.14,20.9,39.4,361.4,20.2
bajra,rainfed_scarcity,medium_clay_loam,kharif,52.2,22.0,31.8,7.59,0.4,32.48,23.88,39.28,53.26,278.48,30.7,25.2,299.0,13.9
bajra,rainfed_scarcity,shallow_murrum,kharif,53.7,21.8,22.4,7.47,0.44,31.07,25.12,38.29,40.63,392.33,32.0,16.6,449.4,18.3
bajra,rainfed_scarcity,medium_clay_loam,summer,55.9,26.7,23.0,8.08,0.31,34.58,28.58,41.03,48.98,250.17,20.0,17.8,262.2,17.7
bajra,rainfed_scarcity,shallow_murrum,summer,40.6,28.6,22.7,8.25,0.44,34.01,25.24,39.94,31.46,299.45,25.2,27.0,326.2,16.8
bajra,rainfed_scarcity,medium_clay_loam,kharif,49.2,33.7,22.5,7.62,0.41,30.36,21.56,36.79,52.79,349.13,24.5,30.1,359.8,12.7
bajra,rainfed_scarcity,medium_clay_loam,summer,38.5,30.0,26.2,8.3,0.48,33.68,25.87,39.14,32.54,392.94,26.0,29.9,433.9,17.1
bajra,rainfed_scarcity,medium_clay_loam,summer,40.4,22.2,18.1,8.11,0.39,35.5,27.64,40.91,34.85,335.29,27.9,21.8,312.1,23.1
bajra,rainfed_scarcity,shallow_murrum,summer,36.4,31.2,18.9,8.2,0.46,34.93,29.19,40.43,45.11,296.18,20.1,24.0,264.6,19.3
bajra,rainfed_scarcity,shallow_murrum,kharif,59.1,37.3,25.9,7.74,0.32,27.81,21.52,36.74,32.77,294.09,20.2,23.7,288.7,13.0
bajra,rainfed_scarcity,medium_clay_loam,summer,40.2,30.5,25.7,7.46,0.48,30.05,22.69,38.59,42.06,389.51,28.2,21.0,435.4,23.0
bajra,rainfed_scarcity,medium_clay_loam,kharif,43.3,34.2,36.0,8.08,0.3,31.23,23.94,37.36,59.74,307.06,22.0,29.3,282.3,14.5
bajra,rainfed_scarcity,medium_clay_loam,kharif,39.1,26.8,32.0,7.54,0.41,33.99,26.61,41.04,55.15,417.52,27.9,39.8,365.0,14.2
bajra,rainfed_scarcity,medium_clay_loam,summer,43.4,37.4,29.0,7.67,0.31,35.2,28.75,41.43,55.74,352.75,29.4,39.5,307.3,14.0
bajra,rainfed_scarcity,medium_clay_loam,summer,39.6,28.7,33.0,7.7,0.45,32.69,24.77,41.48,42.74,308.24,22.6,32.2,279.7,20.2
bajra,rainfed_scarcity,shallow_murrum,kharif,36.7,18.1,21.2,8.38,0.4,26.47,17.48,34.45,55.14,286.2,27.7,26.1,297.5,13.3
bajra,rainfed_scarcity,shallow_murrum,summer,41.8,31.2,25.8,7.47,0.32,33.94,25.36,40.07,35.71,254.54,19.4,24.1,289.4,23.4
bajra,rainfed_scarcity,medium_clay_loam,kharif,45.2,20.3,28.0,7.43,0.31,28.33,20.67,35.37,39.07,346.01,29.2,19.8,357.1,13.5
bajra,rainfed_scarcity,medium_clay_loam,summer,36.8,23.6,38.0,7.5,0.39,34.49,28.29,40.54,56.72,301.82,26.6,29.9,328.0,19.8
bajra,rainfed_scarcity,shallow_murrum,kharif,59.1,31.1,35.9,8.31,0.49,33.76,27.98,41.6,32.25,304.05,22.2,29.5,310.6,13.4
bajra,rainfed_scarcity,shallow_murrum,summer,51.8,31.2,35.6,7.47,0.35,32.92,27.79,38.74,36.56,363.79,28.9,32.0,414.6,15.4
bajra,rainfed_scarcity,shallow_murrum,kharif,45.0,27.4,22.0,7.42,0.34,29.69,22.44,38.47,58.44,261.92,20.1,12.9,297.0,19.4
bajra,rainfed_scarcity,shallow_murrum,kharif,35.7,33.6,30.7,7.9,0.41,32.78,24.24,40.85,47.26,390.18,27.8,25.0,345.5,23.8
bajra,rainfed_scarcity,medium_clay_loam,summer,64.4,20.3,26.6,7.46,0.45,35.49,28.49,42.13,57.23,272.68,25.0,22.4,282.2,22.7
bajra,rainfed_scarcity,medium_clay_loam,summer,63.5,34.6,21.8,7.73,0.39,35.05,27.97,43.96,59.52,351.76,18.1,42.2,388.7,22.5
bajra,rainfed_scarcity,medium_clay_loam,summer,60.4,19.7,30.7,7.62,0.31,34.93,27.37,40.9,41.6,415.46,36.9,40.3,466.8,22.3
bajra,rainfed_scarcity,medium_clay_loam,summer,43.5,30.9,25.9,7.93,0.4,29.96,23.11,35.8,48.23,379.02,24.6,44.8,328.7,17.2
bajra,rainfed_scarcity,shallow_murrum,kharif,52.5,18.7,22.5,8.31,0.4,30.36,23.7,38.92,41.01,396.06,25.1,42.0,424.1,15.7
bajra,rainfed_scarcity,shallow_murrum,kharif,35.8,27.6,22.5,7.81,0.47,33.7,27.73,42.64,57.1,339.87,25.9,38.1,353.8,18.4
bajra,rainfed_scarcity,shallow_murrum,summer,57.5,22.7,35.6,7.93,0.41,26.9,20.66,33.61,42.42,382.31,30.0,34.1,338.9,15.4
bajra,rainfed_scarcity,shallow_murrum,summer,62.5,19.6,36.0,7.8,0.42,27.86,19.56,33.58,41.6,290.46,16.8,31.6,279.3,22.1
bajra,rainfed_scarcity,medium_clay_loam,summer,58.2,35.6,30.5,8.33,0.36,27.52,21.8,35.2,42.23,276.57,16.6,11.1,311.2,15.5
bajra,rainfed_scarcity,medium_clay_loam,summer,41.6,32.0,35.1,8.03,0.34,34.62,27.57,41.14,48.14,369.1,28.0,41.9,383.3,19.1
bajra,rainfed_scarcity,medium_clay_loam,summer,52.6,24.6,28.6,7.49,0.33,33.66,26.02,39.33,43.14,274.14,21.8,24.3,271.9,22.3
bajra,rainfed_scarcity,shallow_murrum,kharif,47.1,34.1,33.2,8.14,0.44,27.44,22.04,35.88,55.12,365.82,24.3,25.4,335.5,19.3
bajra,rainfed_scarcity,shallow_murrum,kharif,62.4,26.7,24.1,7.67,0.29,31.2,22.25,39.46,56.92,355.6,26.6,40.3,383.5,17.8
bajra,rainfed_scarcity,shallow_murrum,summer,50.1,25.7,20.7,7.76,0.48,33.53,27.42,40.0,48.49,320.74,25.0,30.7,317.6,18.0
bajra,rainfed_scarcity,shallow_murrum,kharif,50.6,25.1,23.8,7.73,0.38,34.87,26.93,42.54,44.14,250.31,17.1,21.3,228.1,16.1
bajra,rainfed_scarcity,medium_clay_loam,summer,62.7,20.9,32.5,7.48,0.41,27.79,22.2,32.8,58.23,390.97,34.1,34.4,359.6,12.9
bajra,rainfed_scarcity,medium_clay_loam,summer,61.2,20.3,30.0,7.8,0.32,30.52,21.76,38.65,33.96,394.4,25.9,19.8,376.1,23.2
bajra,rainfed_scarcity,shallow_murrum,kharif,43.2,18.1,24.8,7.85,0.4,32.84,27.59,39.72,37.99,411.15,25.9,19.7,354.6,16.3
bajra,rainfed_scarcity,medium_clay_loam,kharif,40.4,31.0,34.9,7.71,0.41,33.3,26.71,38.57,36.88,400.12,29.7,40.6,398.4,21.9
bajra,rainfed_scarcity,medium_clay_loam,kharif,41.3,37.1,33.7,7.6,0.4,27.13,20.69,34.77,39.9,361.65,26.6,35.3,346.4,14.9
bajra,rainfed_scarcity,shallow_murrum,kharif,39.1,25.2,27.3,7.82,0.38,30.45,21.49,36.22,53.06,343.8,29.7,26.6,381.4,17.0
bajra,rainfed_scarcity,shallow_murrum,kharif,54.6,24.7,25.7,7.97,0.39,29.82,23.58,37.29,45.17,304.96,24.4,31.1,332.4,14.5
bajra,rainfed_scarcity,shallow_murrum,summer,42.8,22.8,35.7,8.17,0.3,34.33,29.18,40.34,57.57,396.94,22.0,43.9,415.6,21.4
bajra,rainfed_scarcity,medium_clay_loam,summer,48.9,35.6,36.1,8.06,0.44,26.39,18.97,34.15,30.61,393.46,27.7,23.2,434.3,23.1
bajra,rainfed_scarcity,medium_clay_loam,kharif,52.4,34.9,23.7,8.19,0.35,33.87,27.07,39.34,41.45,289.69,22.7,32.0,326.8,13.2
bajra,rainfed_scarcity,medium_clay_loam,summer,59.9,19.4,33.8,8.18,0.31,32.62,25.81,41.22,50.86,411.67,29.6,17.8,470.2,13.3
bajra,rainfed_scarcity,medium_clay_loam,summer,46.6,31.0,35.6,7.65,0.29,31.21,24.33,37.44,56.22,377.38,30.3,44.5,390.1,22.3
bajra,rainfed_scarcity,shallow_murrum,summer,64.9,28.6,34.8,7.55,0.43,35.13,28.0,41.28,33.82,300.31,19.0,29.1,271.4,16.3
bajra,rainfed_scarcity,medium_clay_loam,kharif,46.6,27.2,30.6,8.11,0.48,28.89,21.78,35.35,30.04,348.5,29.8,25.3,365.4,21.8
bajra,rainfed_scarcity,medium_clay_loam,summer,42.4,22.9,21.7,8.12,0.36,35.89,28.03,42.36,34.48,350.64,30.9,39.4,344.5,15.5
bajra,rainfed_scarcity,shallow_murrum,summer,52.7,20.7,29.2,7.46,0.41,31.3,24.22,39.04,31.33,328.15,26.2,16.8,346.9,17.3
bajra,rainfed_scarcity,shallow_murrum,kharif,50.4,33.2,21.1,8.16,0.3,30.83,22.86,36.6,53.13,278.36,20.7,21.6,293.8,21.6
bajra,rainfed_scarcity,shallow_murrum,kharif,47.3,22.7,35.3,7.56,0.42,35.23,27.53,41.02,34.57,292.89,23.6,20.1,331.2,16.7
bajra,rainfed_scarcity,medium_clay_loam,kharif,62.3,23.9,29.5,7.72,0.34,32.07,23.8,37.45,38.27,284.87,19.5,32.7,249.0,21.6
bajra,rainfed_scarcity,shallow_murrum,summer,62.4,24.9,32.3,7.5,0.38,31.03,23.0,37.19,37.93,301.5,21.9,30.5,263.7,18.7
bajra,rainfed_scarcity,shallow_murrum,kharif,44.9,32.6,28.4,7.82,0.46,33.67,25.52,40.51,30.58,279.26,17.5,28.0,318.8,20.9
bajra,rainfed_scarcity,medium_clay_loam,kharif,38.7,20.8,21.7,7.93,0.49,31.89,24.8,39.59,32.22,388.61,30.9,34.1,337.9,19.8
bajra,rainfed_scarcity,shallow_murrum,kharif,46.7,22.9,22.9,7.97,0.38,32.67,23.85,40.32,47.46,394.09,25.2,21.0,372.2,19.6
bajra,rainfed_scarcity,medium_clay_loam,kharif,57.2,37.7,30.5,8.3,0.29,31.66,22.98,37.81,34.65,309.59,24.0,15.7,303.6,21.5
bajra,rainfed_scarcity,shallow_murrum,kharif,40.9,18.7,26.5,7.98,0.35,31.42,22.6,37.66,39.28,332.07,21.8,13.3,343.6,18.2
bajra,rainfed_scarcity,medium_clay_loam,kharif,43.8,30.6,18.1,8.0,0.38,31.3,24.13,37.01,53.1,344.43,22.8,28.2,322.9,15.2
bajra,rainfed_scarcity,medium_clay_loam,summer,35.5,32.6,32.2,8.05,0.47,35.01,27.79,42.75,30.33,393.88,35.3,16.4,398.9,21.8
bajra,rainfed_scarcity,shallow_murrum,kharif,40.4,25.1,24.6,7.76,0.29,28.79,22.61,37.25,40.56,326.03,25.1,25.5,340.6,16.6
bajra,rainfed_scarcity,medium_clay_loam,kharif,36.5,26.1,37.7,7.58,0.4,26.09,20.6,33.43,38.92,403.97,35.4,22.9,409.5,16.9
bajra,rainfed_scarcity,shallow_murrum,kharif,35.6,28.1,33.5,7.5,0.48,28.65,22.96,36.0,35.25,365.55,29.5,25.6,325.5,17.9
bajra,rainfed_scarcity,medium_clay_loam,kharif,59.4,20.5,27.9,7.88,0.36,33.89,28.5,39.71,30.05,313.41,31.3,34.3,336.5,15.5
bajra,rainfed_scarcity,medium_clay_loam,summer,57.2,31.5,23.6,7.42,0.31,28.5,20.23,35.36,57.55,384.16,29.2,25.9,364.5,15.4
bajra,rainfed_scarcity,shallow_murrum,kharif,60.5,24.4,24.5,7.93,0.42,28.03,19.38,35.65,48.75,403.71,28.6,20.5,360.7,22.9
bajra,rainfed_scarcity,shallow_murrum,summer,63.7,31.3,26.2,8.08,0.33,35.98,29.26,44.71,42.92,407.78,36.0,19.7,404.6,16.0
bajra,rainfed_scarcity,shallow_murrum,kharif,42.2,33.8,31.5,7.62,0.34,30.28,24.78,38.93,52.18,312.04,27.9,29.7,304.9,15.6
bajra,rainfed_scarcity,medium_clay_loam,summer,47.9,35.4,19.4,7.77,0.49,26.15,17.59,32.65,35.69,252.55,17.6,24.1,276.7,12.8
bajra,rainfed_scarcity,shallow_murrum,kharif,51.5,36.9,18.1,7.53,0.34,33.89,25.35,41.36,41.5,363.19,26.7,27.8,364.0,14.2
bajra,rainfed_scarcity,medium_clay_loam,kharif,36.0,33.0,28.7,7.73,0.38,35.58,29.04,40.99,43.91,360.17,22.9,27.8,338.7,12.1
bajra,rainfed_scarcity,medium_clay_loam,summer,63.3,36.3,31.3,7.91,0.46,34.36,26.04,39.99,30.76,417.14,24.8,35.5,478.8,23.5
bajra,rainfed_scarcity,shallow_murrum,summer,50.5,25.8,29.9,7.92,0.5,30.9,22.56,39.16,32.14,264.79,23.1,13.7,256.6,19.9
bajra,rainfed_scarcity,medium_clay_loam,summer,43.5,19.8,37.4,7.8,0.48,35.71,27.07,42.53,53.37,276.13,15.7,30.4,237.3,13.1
bajra,rainfed_scarcity,medium_clay_loam,kharif,55.2,26.4,20.8,8.12,0.4,33.11,26.44,38.38,39.45,303.55,25.9,17.9,312.9,12.1
bajra,rainfed_scarcity,shallow_murrum,summer,50.7,28.4,25.4,7.52,0.36,29.45,22.09,37.88,41.26,370.65,33.5,21.1,415.3,21.7
bajra,rainfed_scarcity,medium_clay_loam,kharif,62.1,21.3,24.7,8.01,0.48,28.56,20.5,36.4,34.79,331.51,28.9,37.8,353.0,17.8
bajra,rainfed_scarcity,medium_clay_loam,summer,36.5,18.7,35.9,8.3,0.3,29.57,21.23,35.09,38.02,365.77,24.6,38.0,396.2,23.8
bajra,rainfed_scarcity,medium_clay_loam,kharif,54.8,20.3,37.8,7.88,0.42,34.76,29.76,43.67,40.77,307.73,28.9,33.7,314.4,13.7
bajra,rainfed_scarcity,medium_clay_loam,kharif,64.2,22.6,23.3,7.48,0.49,33.06,28.02,40.88,42.12,414.48,37.0,40.1,430.3,15.3
bajra,rainfed_scarcity,medium_clay_loam,summer,61.6,20.8,31.3,8.18,0.42,26.97,18.07,32.92,48.84,385.52,23.0,41.2,346.6,23.3
bajra,rainfed_scarcity,shallow_murrum,kharif,62.2,29.5,19.4,7.98,0.31,26.31,20.85,34.41,52.67,352.73,29.0,35.0,343.0,14.5
bajra,rainfed_scarcity,shallow_murrum,kharif,61.9,27.2,30.5,8.36,0.38,31.61,24.27,37.57,52.11,373.53,23.0,23.4,386.7,14.6
bajra,rainfed_scarcity,medium_clay_loam,summer,36.1,34.0,32.3,7.71,0.29,30.86,24.76,37.45,38.22,279.8,22.3,32.8,260.2,16.6
bajra,rainfed_scarcity,shallow_murrum,kharif,44.9,27.6,34.9,7.8,0.46,27.15,18.57,32.89,31.18,276.92,8.8,26.9,239.6,14.3
bajra,rainfed_scarcity,shallow_murrum,kharif,45.0,30.6,18.9,7.43,0.37,34.11,26.43,39.18,35.35,288.54,23.7,25.1,264.0,17.1
bajra,rainfed_scarcity,shallow_murrum,kharif,52.5,25.7,20.9,7.89,0.35,34.64,26.54,40.4,34.58,309.11,22.4,33.8,309.6,16.9
bajra,rainfed_scarcity,medium_clay_loam,summer,56.1,32.2,28.4,8.24,0.34,35.07,27.53,41.83,59.47,396.54,31.4,24.6,452.9,21.3
bajra,rainfed_scarcity,medium_clay_loam,kharif,53.2,36.4,21.2,7.54,0.4,26.57,18.91,32.53,33.57,319.61,29.9,35.1,281.0,17.6
bajra,rainfed_scarcity,medium_clay_loam,summer,42.9,25.5,36.7,7.75,0.36,28.09,19.25,34.92,47.11,327.04,22.6,34.3,280.8,15.0
bajra,rainfed_scarcity,medium_clay_loam,summer,52.8,20.9,21.3,8.06,0.35,28.66,23.42,36.72,56.48,389.37,22.8,21.0,427.1,17.6
bajra,rainfed_scarcity,shallow_murrum,summer,58.3,27.3,35.3,8.33,0.35,28.25,21.39,33.96,56.52,307.46,23.9,26.9,308.8,18.9
bajra,rainfed_scarcity,shallow_murrum,summer,64.7,21.5,33.0,8.19,0.31,35.33,28.38,42.85,49.27,335.84,27.2,16.6,356.0,13.7
bajra,rainfed_scarcity,medium_clay_loam,summer,51.5,19.8,25.1,7.45,0.39,35.06,30.06,41.13,54.0,251.68,24.9,22.4,273.5,12.1
bajra,rainfed_scarcity,medium_clay_loam,kharif,58.4,25.2,35.7,7.41,0.35,29.37,23.71,35.72,47.58,338.45,28.8,21.1,320.5,15.8
bajra,rainfed_scarcity,medium_clay_loam,summer,38.9,33.1,18.9,7.55,0.3,34.25,29.08,41.91,31.33,383.7,32.7,30.3,418.8,23.0
bajra,rainfed_scarcity,medium_clay_loam,kharif,58.9,33.3,22.1,7.9,0.49,29.44,20.55,36.77,43.85,361.82,25.5,35.0,411.3,21.8
bajra,rainfed_scarcity,medium_clay_loam,summer,40.7,23.0,36.2,7.41,0.4,27.59,21.46,33.81,36.58,384.7,28.5,26.0,379.3,16.0
bajra,rainfed_scarcity,medium_clay_loam,kharif,55.6,19.2,18.8,7.97,0.48,29.23,23.24,37.23,48.06,346.05,23.7,19.6,395.0,13.8
bajra,rainfed_scarcity,shallow_murrum,summer,53.8,28.4,24.5,8.29,0.43,35.98,30.31,41.34,34.18,295.78,18.9,32.2,276.6,17.0
bajra,rainfed_scarcity,shallow_murrum,kharif,48.9,30.9,23.3,7.56,0.47,27.1,19.0,34.42,55.83,372.03,26.9,29.0,325.8,15.4
bajra,rainfed_scarcity,medium_clay_loam,kharif,38.3,37.1,28.5,8.31,0.28,32.38,26.15,39.1,56.19,416.6,31.4,48.3,440.2,15.0
bajra,rainfed_scarcity,shallow_murrum,kharif,51.9,37.2,35.8,7.53,0.35,28.43,21.14,36.64,52.78,373.55,26.6,37.1,334.0,16.5
bajra,rainfed_scarcity,medium_clay_loam,kharif,47.7,19.4,22.3,7.55,0.49,27.92,19.47,33.37,56.09,351.9,24.6,38.5,362.1,22.2
bajra,rainfed_scarcity,medium_clay_loam,kharif,52.6,32.3,26.3,8.31,0.46,27.67,20.36,36.25,53.79,413.63,31.5,24.2,400.5,14.8
bajra,rainfed_scarcity,shallow_murrum,summer,40.7,23.1,20.5,8.11,0.36,28.2,21.17,33.48,57.7,300.06,13.3,23.9,331.6,22.6
bajra,rainfed_scarcity,medium_clay_loam,summer,40.3,35.0,22.3,8.15,0.36,33.48,24.85,42.41,40.79,312.48,18.4,37.3,278.6,23.8
bajra,rainfed_scarcity,shallow_murrum,summer,55.0,36.7,34.9,7.65,0.41,35.54,27.59,43.29,52.65,304.83,24.0,17.9,298.3,20.8
bajra,rainfed_scarcity,medium_clay_loam,kharif,35.6,26.3,23.3,7.6,0.46,32.96,27.51,39.94,44.01,274.23,25.8,15.2,259.0,21.6
bajra,rainfed_scarcity,medium_clay_loam,kharif,39.3,35.7,20.2,7.5,0.49,32.46,27.06,41.35,34.41,380.28,25.9,34.2,385.6,12.4
bajra,rainfed_scarcity,shallow_murrum,summer,54.3,30.3,34.0,8.28,0.39,30.9,23.42,38.82,40.69,335.79,25.3,19.5,344.7,19.0
bajra,rainfed_scarcity,medium_clay_loam,kharif,60.7,34.0,35.8,7.73,0.39,33.8,27.74,40.28,54.93,380.91,29.3,45.6,351.3,23.7
bajra,rainfed_scarcity,shallow_murrum,kharif,37.8,32.2,22.4,7.7,0.49,28.63,20.94,34.34,32.8,307.68,19.8,29.8,271.0,19.5
bajra,rainfed_scarcity,shallow_murrum,summer,63.3,25.9,26.7,8.14,0.45,33.7,24.7,38.98,59.47,411.53,26.7,31.4,457.3,22.2
bajra,rainfed_scarcity,shallow_murrum,summer,58.7,21.7,34.3,8.01,0.3,34.95,27.64,42.58,38.51,398.18,34.1,38.3,421.5,18.5
bajra,rainfed_scarcity,shallow_murrum,summer,46.6,29.2,36.5,8.15,0.37,29.37,22.28,37.85,30.26,370.78,18.1,21.0,316.5,15.5
bajra,rainfed_scarcity,shallow_murrum,summer,62.4,19.2,28.4,7.55,0.45,32.65,26.47,38.12,54.94,364.62,32.0,31.8,356.4,12.1
bajra,rainfed_scarcity,medium_clay_loam,kharif,53.6,30.8,37.3,7.58,0.42,27.88,22.04,35.56,57.48,277.04,22.7,18.2,268.0,23.5
bajra,rainfed_scarcity,shallow_murrum,kharif,53.5,29.9,26.8,7.88,0.42,31.83,25.34,40.37,50.03,284.92,20.4,28.5,272.9,15.8
bajra,rainfed_scarcity,medium_clay_loam,kharif,43.4,37.7,36.1,8.33,0.32,34.42,27.28,42.25,36.53,371.04,28.5,22.8,341.4,23.0
bajra,rainfed_scarcity,shallow_murrum,kharif,43.0,28.7,34.7,7.68,0.42,30.8,24.64,37.84,35.04,358.73,23.8,43.0,393.6,13.4
bajra,rainfed_scarcity,medium_clay_loam,summer,47.8,23.2,33.3,7.78,0.45,26.18,20.64,32.64,33.27,352.19,28.7,38.3,379.8,12.6
bajra,rainfed_scarcity,medium_clay_loam,summer,49.5,27.0,32.5,7.8,0.29,28.74,21.87,37.64,56.43,280.84,19.8,26.5,289.7,20.7
bajra,rainfed_scarcity,shallow_murrum,kharif,43.7,33.7,22.7,7.84,0.49,33.66,27.4,41.14,31.49,295.29,29.2,25.3,292.6,20.6
bajra,rainfed_scarcity,shallow_murrum,summer,47.0,18.5,26.8,8.3,0.47,30.09,25.0,37.64,52.24,300.02,22.6,20.4,311.5,17.7
bajra,rainfed_scarcity,shallow_murrum,kharif,41.0,36.5,22.8,7.71,0.4,35.0,26.87,40.17,50.79,335.69,25.7,32.0,305.1,17.7
bajra,rainfed_scarcity,medium_clay_loam,summer,54.4,25.3,30.0,7.62,0.42,26.28,19.92,34.27,54.24,293.0,11.9,17.1,310.9,18.5
bajra,rainfed_scarcity,shallow_murrum,summer,62.3,28.6,35.4,7.69,0.46,27.14,19.07,33.68,44.1,278.36,24.5,26.0,285.7,12.2
bajra,rainfed_scarcity,shallow_murrum,kharif,42.7,22.8,34.6,8.16,0.35,32.38,24.07,40.93,30.17,388.29,25.8,34.4,405.4,16.2
bajra,rainfed_scarcity,shallow_murrum,summer,50.4,32.5,27.5,7.41,0.28,32.61,24.22,40.75,39.31,330.09,30.4,39.3,306.4,14.8
bajra,rainfed_scarcity,medium_clay_loam,summer,55.4,35.5,19.0,7.7,0.41,32.18,26.9,39.84,45.84,390.7,31.6,37.6,424.9,14.7
bajra,rainfed_scarcity,shallow_murrum,kharif,38.1,23.6,23.2,8.33,0.39,27.11,20.95,35.6,55.41,403.06,27.9,36.8,376.2,16.7
bajra,rainfed_scarcity,shallow_murrum,summer,35.7,22.5,30.1,8.3,0.31,35.18,28.8,41.89,40.95,319.46,28.1,33.8,304.3,15.1
bajra,rainfed_scarcity,medium_clay_loam,kharif,54.1,37.2,26.5,8.39,0.44,33.76,28.66,40.75,45.85,256.9,22.5,29.9,251.2,15.7
bajra,rainfed_scarcity,shallow_murrum,kharif,50.4,18.7,28.3,7.99,0.36,33.63,28.08,42.14,58.66,250.21,6.1,14.8,246.3,22.1
bajra,rainfed_scarcity,medium_clay_loam,kharif,41.3,21.6,22.8,7.95,0.48,31.74,25.76,38.5,41.71,257.92,21.3,12.9,284.4,18.1
bajra,rainfed_scarcity,shallow_murrum,kharif,60.3,37.1,36.9,7.5,0.49,33.96,25.85,39.32,35.39,415.78,29.4,47.0,412.8,14.6
bajra,rainfed_scarcity,shallow_murrum,summer,45.0,22.5,27.9,8.02,0.37,29.46,23.59,35.56,50.19,312.88,19.2,16.0,300.9,13.0
bajra,rainfed_scarcity,shallow_murrum,summer,46.4,19.2,26.4,8.07,0.41,28.79,21.04,36.31,35.17,277.56,22.0,20.5,299.6,18.6
bajra,rainfed_scarcity,shallow_murrum,kharif,61.7,30.7,30.6,7.54,0.29,33.01,27.55,38.52,35.63,266.62,20.4,19.7,247.9,19.5
bajra,rainfed_scarcity,medium_clay_loam,summer,60.3,36.5,27.7,7.97,0.34,31.14,23.14,38.1,39.06,348.95,27.3,21.7,321.9,23.4
bajra,rainfed_scarcity,medium_clay_loam,summer,40.4,30.1,26.8,7.87,0.38,35.0,29.65,43.13,55.05,410.29,32.3,32.8,467.1,17.4
bajra,rainfed_scarcity,shallow_murrum,kharif,50.1,24.6,18.6,7.83,0.42,32.9,27.87,41.1,44.77,338.53,29.2,29.1,358.9,23.5
bajra,rainfed_scarcity,medium_clay_loam,kharif,43.4,28.9,25.5,7.62,0.46,30.76,22.37,37.65,46.7,419.2,28.3,25.9,465.6,23.4
bajra,rainfed_scarcity,medium_clay_loam,kharif,37.1,29.5,37.5,8.37,0.31,33.71,25.5,40.19,49.76,332.99,21.8,22.4,302.0,14.7
bajra,rainfed_scarcity,medium_clay_loam,summer,48.8,26.9,30.1,7.56,0.48,30.65,24.18,36.16,35.04,406.46,34.0,39.7,355.3,17.5
bajra,rainfed_scarcity,medium_clay_loam,summer,62.6,24.0,29.6,8.34,0.44,26.62,20.11,31.97,55.84,355.68,26.5,17.2,339.7,23.5
bajra,rainfed_scarcity,shallow_murrum,kharif,44.9,34.4,21.2,7.87,0.48,35.99,29.99,44.73,37.84,320.3,22.7,33.0,354.7,22.5
bajra,rainfed_scarcity,medium_clay_loam,summer,42.1,29.2,25.7,7.86,0.31,29.16,20.73,37.75,48.3,334.71,25.8,18.5,329.6,20.6
bajra,rainfed_scarcity,medium_clay_loam,kharif,62.4,27.9,20.7,8.21,0.41,33.73,26.88,39.55,30.72,345.05,26.0,19.0,338.5,13.9
bajra,rainfed_scarcity,medium_clay_loam,kharif,43.2,20.6,36.9,7.53,0.36,29.05,20.58,35.69,33.72,251.74,16.4,12.6,242.0,20.7
bajra,rainfed_scarcity,shallow_murrum,kharif,56.1,19.6,29.1,7.68,0.42,32.48,23.84,39.12,46.13,295.6,28.8,12.9,276.6,15.4
bajra,rainfed_scarcity,shallow_murrum,summer,63.9,30.5,21.5,7.52,0.36,29.08,22.96,35.95,57.39,346.57,25.9,33.4,345.0,18.3
bajra,rainfed_scarcity,shallow_murrum,summer,62.9,24.6,33.8,8.29,0.36,34.45,26.61,43.07,37.54,408.32,25.0,42.3,400.4,12.8
bajra,rainfed_scarcity,medium_clay_loam,kharif,37.4,25.8,25.8,7.63,0.33,30.0,23.35,36.76,56.06,353.91,32.9,15.8,345.7,12.2
bajra,rainfed_scarcity,shallow_murrum,summer,63.6,27.5,33.0,7.7,0.45,29.23,22.51,36.14,57.79,259.09,19.9,25.0,265.1,14.4
bajra,rainfed_scarcity,shallow_murrum,summer,43.7,25.3,27.0,8.22,0.28,34.98,28.33,40.9,45.25,362.14,31.0,19.3,326.1,12.5
bajra,rainfed_scarcity,shallow_murrum,kharif,58.9,23.4,33.9,7.94,0.45,31.54,25.19,40.18,51.46,332.29,28.1,29.7,318.1,19.6
bajra,rainfed_scarcity,shallow_murrum,kharif,44.5,38.0,29.6,7.49,0.39,26.5,20.35,33.28,46.03,415.95,31.5,43.8,383.2,23.8
bajra,rainfed_scarcity,medium_clay_loam,summer,61.4,31.2,24.6,8.32,0.47,33.16,26.7,41.33,39.48,293.0,18.3,35.1,319.8,18.2
bajra,rainfed_scarcity,shallow_murrum,kharif,48.6,24.2,35.1,7.97,0.46,30.88,22.86,39.35,41.74,252.31,19.9,25.0,239.1,15.1
bajra,rainfed_scarcity,shallow_murrum,kharif,54.4,21.6,37.4,7.75,0.35,29.69,24.32,37.19,37.16,386.56,31.2,29.6,403.5,16.7
bajra,rainfed_scarcity,shallow_murrum,kharif,41.9,37.3,30.4,7.41,0.37,30.37,22.13,36.59,39.94,261.98,23.1,12.2,231.7,15.4
bajra,rainfed_scarcity,medium_clay_loam,kharif,57.3,34.7,18.3,7.73,0.37,35.11,28.11,41.19,41.7,324.19,29.9,14.0,313.4,20.0
bajra,rainfed_scarcity,medium_clay_loam,kharif,43.5,29.8,25.1,8.16,0.29,35.18,29.49,40.81,55.22,397.78,28.8,35.6,346.3,13.1
bajra,rainfed_scarcity,medium_clay_loam,summer,48.5,30.0,28.5,7.86,0.49,27.85,22.22,35.7,32.24,332.09,26.7,21.5,375.0,17.8
bajra,rainfed_scarcity,medium_clay_loam,summer,43.7,22.7,20.9,7.76,0.43,33.42,25.17,39.21,31.07,415.7,30.3,23.2,429.0,12.2
bajra,rainfed_scarcity,shallow_murrum,summer,38.9,34.0,22.2,7.89,0.47,27.93,21.97,33.19,34.4,274.91,23.7,17.3,300.9,14.4
maize,well_irrigated,deep_black_vertisol,summer,90.1,41.1,46.3,7.64,0.44,26.32,18.15,31.64,71.69,544.58,44.5,44.2,466.8,15.6
maize,canal_command,deep_black_vertisol,rabi,124.6,49.4,47.3,7.74,0.61,31.33,23.69,38.23,54.53,490.07,44.5,32.3,518.7,10.7
maize,well_irrigated,medium_clay_loam,kharif,123.5,45.7,44.2,7.76,0.56,23.73,15.54,29.17,62.07,468.33,37.9,27.3,523.2,12.9
maize,well_irrigated,deep_black_vertisol,rabi,113.6,49.7,36.9,7.95,0.57,31.65,24.33,39.93,69.39,484.33,33.5,20.2,523.4,15.7
maize,well_irrigated,medium_clay_loam,summer,77.3,49.7,35.6,7.97,0.58,31.69,23.29,38.62,65.09,603.03,45.0,30.4,641.9,12.6
maize,well_irrigated,deep_black_vertisol,rabi,106.4,55.0,36.7,7.47,0.63,29.06,21.44,35.08,65.96,621.69,43.8,60.0,601.9,9.8
maize,canal_command,medium_clay_loam,rabi,96.1,37.7,36.2,7.91,0.5,27.45,19.78,35.57,50.48,476.2,35.4,52.5,454.4,11.6
maize,well_irrigated,medium_clay_loam,summer,113.6,46.4,32.7,7.42,0.51,28.99,23.7,36.63,66.48,563.48,47.3,30.6,578.2,14.1
maize,well_irrigated,medium_clay_loam,rabi,124.6,48.3,44.3,8.0,0.65,25.09,17.55,32.01,66.62,634.6,49.6,39.6,691.2,10.5
maize,well_irrigated,deep_black_vertisol,kharif,96.6,53.6,42.5,7.85,0.59,20.25,12.72,26.99,58.7,604.59,49.6,67.0,643.2,12.4
maize,canal_command,deep_black_vertisol,kharif,117.4,47.2,45.4,7.43,0.6,27.24,19.46,33.74,57.91,451.92,34.6,26.6,487.2,15.6
maize,well_irrigated,deep_black_vertisol,kharif,88.7,45.6,47.0,7.29,0.44,28.21,20.09,35.41,50.45,507.69,40.1,48.2,448.3,14.1
maize,canal_command,medium_clay_loam,rabi,105.5,49.5,54.9,7.42,0.6,26.98,18.07,35.29,74.96,547.08,48.5,55.8,465.1,9.6
maize,canal_command,deep_black_vertisol,kharif,118.5,46.5,37.5,7.7,0.58,24.78,19.67,30.16,70.37,414.14,31.2,22.7,380.5,12.7
maize,well_irrigated,medium_clay_loam,kharif,117.9,55.4,54.6,7.95,0.5,24.79,16.81,30.33,54.42,429.64,26.5,18.1,457.9,11.6
maize,well_irrigated,medium_clay_loam,kharif,105.0,47.7,54.6,7.95,0.64,30.58,24.56,36.98,51.93,646.54,49.5,44.8,588.2,9.2
maize,canal_command,deep_black_vertisol,kharif,107.0,36.9,44.3,7.86,0.6,21.81,13.16,29.89,45.16,584.34,41.3,50.5,630.9,13.9
maize,well_irrigated,medium_clay_loam,kharif,108.7,54.5,51.8,7.32,0.61,23.06,16.35,31.66,58.64,449.27,33.7,35.0,484.7,9.3
maize,well_irrigated,deep_black_vertisol,kharif,80.8,49.0,40.2,7.84,0.43,24.93,18.66,30.49,56.36,568.2,49.8,49.4,573.2,10.9
maize,canal_command,medium_clay_loam,summer,87.4,40.6,43.7,7.92,0.63,20.66,15.34,26.64,52.65,423.72,38.0,36.9,433.7,11.1
maize,well_irrigated,medium_clay_loam,kharif,75.8,54.7,37.8,7.67,0.43,28.59,21.47,36.49,68.69,422.31,32.6,23.1,459.8,12.6
maize,well_irrigated,medium_clay_loam,kharif,79.9,51.6,45.3,7.58,0.52,30.64,24.66,37.24,54.87,592.8,53.2,64.0,645.7,15.3
maize,well_irrigated,medium_clay_loam,summer,112.6,59.6,30.2,7.71,0.59,31.01,22.48,39.38,73.37,534.34,40.2,40.0,526.5,8.1
maize,well_irrigated,deep_black_vertisol,rabi,93.0,56.4,52.6,7.6,0.52,29.13,21.3,35.45,48.08,466.21,33.9,29.6,432.9,9.0
maize,well_irrigated,deep_black_vertisol,rabi,121.3,54.6,48.2,7.53,0.49,30.16,21.53,36.96,45.27,598.13,52.8,67.7,605.5,10.3
maize,well_irrigated,medium_clay_loam,kharif,77.9,44.0,33.7,7.35,0.64,27.33,18.76,34.1,62.93,408.02,31.3,34.7,348.9,11.8
maize,canal_command,medium_clay_loam,kharif,112.4,38.8,53.5,7.7,0.61,22.96,15.0,31.08,56.92,495.99,38.2,21.5,449.9,13.3
maize,well_irrigated,deep_black_vertisol,rabi,85.3,47.3,35.9,7.28,0.6,26.48,20.85,33.36,47.05,545.11,39.2,26.3,493.4,10.7
maize,canal_command,deep_black_vertisol,rabi,83.7,37.7,42.9,7.65,0.44,23.41,17.36,29.16,54.47,409.28,36.3,35.1,451.9,13.2
maize,canal_command,medium_clay_loam,summer,107.6,37.4,47.4,7.78,0.65,28.32,20.57,35.38,71.04,649.21,44.0,57.8,567.2,14.2
maize,canal_command,deep_black_vertisol,rabi,119.2,52.7,36.0,7.91,0.57,31.44,22.52,36.45,48.61,536.73,40.3,28.9,482.5,15.6
maize,well_irrigated,medium_clay_loam,kharif,92.7,57.5,49.7,7.26,0.51,24.05,15.91,30.69,65.54,550.61,41.7,63.3,538.7,15.8
maize,canal_command,medium_clay_loam,rabi,89.0,50.4,32.1,7.29,0.54,26.14,20.05,34.45,50.61,490.17,35.8,35.2,501.9,12.4
maize,well_irrigated,medium_clay_loam,summer,114.9,38.0,40.2,7.46,0.55,23.62,16.07,30.09,70.82,558.47,46.1,37.4,616.7,9.7
maize,well_irrigated,deep_black_vertisol,kharif,87.2,41.2,53.6,7.92,0.48,30.38,24.38,35.71,69.61,592.89,47.5,34.5,624.8,10.4
maize,canal_command,deep_black_vertisol,kharif,78.0,49.9,47.9,7.98,0.61,23.31,15.48,31.37,66.89,605.04,43.1,29.0,533.3,15.2
maize,canal_command,medium_clay_loam,rabi,95.4,51.2,32.0,7.48,0.64,20.37,12.36,28.73,53.31,453.68,32.3,25.8,470.2,15.3
maize,canal_command,medium_clay_loam,rabi,100.8,53.4,32.4,7.44,0.63,25.15,16.39,34.12,60.8,472.01,36.6,24.9,436.9,14.3
maize,well_irrigated,deep_black_vertisol,summer,113.7,35.2,33.2,7.36,0.56,22.34,15.88,28.31,55.12,635.61,50.5,61.4,687.4,16.0
maize,canal_command,deep_black_vertisol,summer,78.8,53.8,49.7,7.66,0.44,30.68,21.82,36.49,66.14,610.48,52.9,40.2,606.6,12.3
maize,well_irrigated,deep_black_vertisol,kharif,116.2,57.3,31.2,7.35,0.49,21.63,14.69,29.83,73.54,622.39,41.6,45.0,691.7,11.7
maize,canal_command,deep_black_vertisol,kharif,82.3,48.7,31.5,7.9,0.45,28.09,21.52,34.69,67.95,524.87,41.9,42.2,539.5,13.8
maize,well_irrigated,deep_black_vertisol,kharif,105.8,54.7,53.7,7.5,0.55,21.04,14.6,27.68,70.06,528.35,39.5,59.2,484.7,13.8
maize,well_irrigated,medium_clay_loam,summer,110.2,46.4,41.5,7.74,0.48,29.02,23.41,35.61,64.68,607.09,44.0,59.3,581.4,14.3
maize,well_irrigated,medium_clay_loam,kharif,118.2,56.4,53.8,7.26,0.54,27.78,19.94,35.36,68.1,489.87,33.9,32.2,508.7,9.4
maize,canal_command,deep_black_vertisol,summer,87.6,38.4,34.8,7.98,0.55,22.19,13.83,28.77,71.98,465.17,33.9,37.4,520.0,11.1
maize,canal_command,deep_black_vertisol,summer,105.1,36.2,38.0,7.52,0.48,20.46,14.19,28.63,55.8,480.84,38.8,34.4,510.9,15.5
maize,well_irrigated,medium_clay_loam,kharif,114.5,58.4,45.6,7.92,0.46,27.52,19.43,33.61,67.22,594.62,44.5,38.7,627.0,14.6
maize,well_irrigated,medium_clay_loam,summer,110.5,46.5,38.2,7.62,0.52,31.77,24.78,40.01,65.0,519.91,36.0,52.5,585.1,11.8
maize,well_irrigated,deep_black_vertisol,kharif,86.2,43.8,48.2,7.69,0.44,27.65,20.74,36.39,53.68,581.54,42.4,33.6,651.9,13.8
maize,canal_command,deep_black_vertisol,kharif,79.0,53.2,30.2,7.79,0.45,22.74,17.26,28.73,68.95,433.14,34.7,23.9,392.6,16.0
maize,well_irrigated,medium_clay_loam,kharif,115.1,46.0,47.5,7.34,0.57,27.13,19.11,33.32,72.99,640.33,47.1,54.9,625.0,14.9
maize,well_irrigated,deep_black_vertisol,rabi,100.2,59.2,46.5,7.92,0.46,25.8,17.16,32.09,74.03,424.27,28.7,46.8,392.7,15.2
maize,well_irrigated,deep_black_vertisol,rabi,82.8,38.7,42.1,7.31,0.53,25.54,17.01,31.73,61.82,585.87,43.5,68.2,603.9,12.8
maize,canal_command,medium_clay_loam,rabi,81.6,36.8,34.7,7.8,0.56,26.49,20.49,32.82,73.98,460.16,30.5,35.6,522.1,15.2
maize,canal_command,deep_black_vertisol,summer,80.6,54.8,32.0,7.22,0.6,26.58,18.79,33.11,45.33,482.75,37.1,28.0,510.0,12.9
maize,well_irrigated,medium_clay_loam,summer,118.8,56.4,52.0,7.73,0.49,25.78,17.93,31.62,67.17,537.02,37.4,22.1,599.8,8.8
maize,well_irrigated,medium_clay_loam,kharif,82.3,52.2,33.2,7.35,0.61,27.92,20.4,34.59,56.89,572.57,43.3,46.3,653.2,13.9
maize,well_irrigated,deep_black_vertisol,summer,80.5,47.9,39.9,7.61,0.52,26.82,18.91,34.92,64.47,449.74,33.4,52.9,468.9,11.2
maize,canal_command,deep_black_vertisol,kharif,89.3,37.4,52.3,7.21,0.42,29.92,20.93,37.83,45.46,456.67,31.2,47.8,465.8,15.8
maize,well_irrigated,deep_black_vertisol,kharif,94.5,46.5,32.1,7.87,0.45,25.8,19.27,32.85,71.62,647.27,53.3,42.8,676.2,8.2
maize,canal_command,medium_clay_loam,rabi,121.0,36.9,33.0,7.99,0.53,22.86,14.78,28.92,66.82,609.32,44.1,37.7,591.3,14.3
maize,well_irrigated,medium_clay_loam,summer,119.8,56.6,33.9,7.59,0.53,30.78,25.78,38.74,63.56,630.39,47.7,62.7,548.6,11.7
maize,well_irrigated,deep_black_vertisol,rabi,91.7,52.6,47.5,7.99,0.53,28.85,23.66,35.7,50.6,610.14,45.9,35.9,576.9,14.7
maize,well_irrigated,medium_clay_loam,kharif,120.0,47.4,49.0,7.25,0.52,28.09,22.56,34.39,46.94,562.83,42.8,48.5,565.9,15.8
maize,canal_command,medium_clay_loam,kharif,80.1,41.6,41.5,7.41,0.52,22.71,16.31,30.32,71.77,496.26,37.7,25.2,502.3,13.5
maize,canal_command,deep_black_vertisol,summer,88.4,38.3,43.3,7.74,0.43,20.84,12.36,27.67,58.89,636.15,48.1,52.6,706.0,10.6
maize,canal_command,medium_clay_loam,rabi,104.7,58.2,37.2,7.42,0.52,24.28,16.34,31.85,67.77,605.01,38.9,45.1,693.0,15.4
maize,canal_command,medium_clay_loam,summer,101.7,55.4,41.9,7.83,0.63,28.79,20.68,34.06,51.15,643.58,40.2,28.0,618.3,13.5
maize,well_irrigated,deep_black_vertisol,kharif,120.7,53.9,40.0,7.47,0.64,28.55,22.04,36.12,62.15,531.14,43.6,44.1,555.8,13.2
maize,canal_command,medium_clay_loam,rabi,107.0,35.1,54.2,7.39,0.63,21.31,15.36,27.25,74.88,401.15,31.6,27.7,456.3,13.1
maize,well_irrigated,deep_black_vertisol,summer,97.5,51.9,34.6,7.52,0.44,27.18,18.33,32.36,64.79,593.77,47.8,36.7,540.6,9.7
maize,well_irrigated,medium_clay_loam,rabi,124.4,56.3,39.7,7.93,0.5,28.01,19.15,34.58,65.4,473.98,36.9,36.1,536.2,10.1
maize,canal_command,medium_clay_loam,summer,89.0,57.1,32.0,7.68,0.62,31.06,26.01,37.54,52.72,542.01,40.9,65.0,544.1,13.1
maize,well_irrigated,medium_clay_loam,rabi,109.9,43.5,31.6,7.6,0.56,20.07,14.69,25.9,55.44,535.26,42.8,27.6,534.5,10.4
maize,well_irrigated,deep_black_vertisol,rabi,88.3,35.5,35.4,7.35,0.43,23.86,16.96,31.8,54.77,448.64,32.1,49.9,408.9,9.8
maize,well_irrigated,medium_clay_loam,rabi,93.3,36.8,38.7,7.74,0.58,31.58,24.77,39.11,61.18,437.65,35.3,30.3,500.7,11.7
maize,well_irrigated,deep_black_vertisol,rabi,122.3,49.1,51.6,7.86,0.56,29.4,23.9,36.96,73.6,440.49,33.3,28.9,482.4,14.0
maize,canal_command,deep_black_vertisol,summer,104.4,47.9,50.8,7.39,0.51,29.51,22.39,36.11,45.88,588.35,48.2,47.9,541.0,15.8
maize,canal_command,deep_black_vertisol,summer,122.8,41.7,39.4,7.8,0.47,26.18,18.27,33.76,49.66,557.42,43.2,47.2,611.9,12.6
maize,canal_command,medium_clay_loam,kharif,86.2,41.9,31.3,7.58,0.43,28.62,22.13,34.42,61.35,643.44,54.4,63.7,719.1,13.6
maize,well_irrigated,medium_clay_loam,rabi,120.8,46.8,33.6,7.77,0.57,31.55,24.79,37.63,46.8,583.28,43.6,68.7,620.4,12.9
maize,well_irrigated,deep_black_vertisol,rabi,114.2,40.6,37.6,7.28,0.57,22.17,16.14,30.72,54.8,541.66,39.8,39.3,606.0,11.2
maize,canal_command,deep_black_vertisol,rabi,112.9,55.0,53.8,7.84,0.51,29.86,22.82,35.97,54.09,455.96,31.7,25.0,396.2,9.2
maize,canal_command,medium_clay_loam,kharif,123.1,58.5,47.4,7.46,0.47,20.96,13.13,27.98,62.17,518.1,42.1,21.9,565.0,11.9
maize,canal_command,medium_clay_loam,kharif,109.3,56.5,39.7,7.9,0.5,22.36,16.05,29.8,56.01,568.22,43.2,54.6,542.2,9.9
maize,well_irrigated,deep_black_vertisol,kharif,102.7,55.6,39.1,7.81,0.61,29.85,22.25,37.72,68.63,583.43,41.8,33.0,559.2,11.6
maize,canal_command,medium_clay_loam,kharif,91.3,46.1,49.3,7.7,0.49,24.63,18.41,32.01,54.98,581.42,40.1,30.0,548.3,12.6
maize,canal_command,medium_clay_loam,summer,104.9,53.4,38.5,7.67,0.59,29.14,22.94,34.42,46.13,592.02,43.4,60.0,609.6,11.1
maize,canal_command,deep_black_vertisol,rabi,108.5,54.0,54.5,7.54,0.44,25.53,20.34,31.71,62.61,477.41,34.7,50.5,466.0,13.5
maize,canal_command,medium_clay_loam,summer,123.6,39.0,31.6,7.36,0.59,22.34,15.0,29.7,53.83,417.18,29.3,34.1,438.8,11.2
maize,canal_command,deep_black_vertisol,summer,84.0,40.3,30.4,7.78,0.57,22.14,13.97,28.33,49.05,505.64,36.0,30.9,486.1,8.7
maize,well_irrigated,deep_black_vertisol,summer,89.8,35.4,34.9,7.52,0.47,27.23,20.43,32.39,53.25,404.87,33.8,26.2,389.7,10.9
maize,well_irrigated,medium_clay_loam,kharif,115.8,45.8,46.7,7.45,0.47,24.66,17.23,32.28,62.35,647.01,44.1,74.1,572.9,13.5
maize,canal_command,deep_black_vertisol,kharif,91.2,59.5,32.1,7.78,0.46,20.09,13.08,25.73,73.96,450.92,33.6,18.9,450.8,9.5
maize,well_irrigated,medium_clay_loam,rabi,76.0,44.9,52.3,7.62,0.5,23.04,17.07,28.44,69.52,421.66,31.1,18.4,457.3,10.3
maize,canal_command,deep_black_vertisol,summer,110.1,47.0,36.4,7.46,0.44,23.51,18.33,31.42,71.94,558.38,37.0,22.7,532.2,13.3
maize,canal_command,deep_black_vertisol,summer,98.8,42.7,42.7,7.6,0.56,22.23,14.61,29.06,63.61,459.9,34.1,26.1,511.7,11.5
maize,well_irrigated,deep_black_vertisol,kharif,97.0,47.9,37.3,7.87,0.54,26.63,18.11,35.31,69.73,416.34,26.6,46.9,465.1,11.5
maize,canal_command,medium_clay_loam,kharif,75.7,46.0,31.0,7.69,0.56,30.79,25.03,37.27,70.79,518.57,36.4,25.3,567.3,8.5
maize,well_irrigated,medium_clay_loam,rabi,86.6,50.9,47.1,7.57,0.43,31.02,22.1,37.75,63.41,512.57,38.1,54.1,438.3,10.6
maize,canal_command,deep_black_vertisol,summer,91.0,40.6,50.0,7.27,0.47,22.44,15.77,28.73,66.61,574.84,39.9,43.1,524.5,10.6
maize,canal_command,deep_black_vertisol,kharif,81.4,43.1,48.7,7.22,0.48,21.95,13.12,29.77,52.0,451.87,32.1,43.1,466.7,14.9
maize,canal_command,deep_black_vertisol,rabi,96.4,51.9,50.4,7.61,0.48,22.52,16.34,30.91,56.41,471.67,34.4,20.1,485.0,14.4
maize,well_irrigated,deep_black_vertisol,kharif,79.4,53.2,33.4,7.47,0.64,26.03,17.16,31.39,59.33,415.6,34.6,22.1,458.8,13.0
maize,well_irrigated,medium_clay_loam,summer,118.9,49.8,52.3,7.29,0.52,25.14,18.8,30.14,71.73,594.43,41.2,29.9,572.7,13.2
maize,well_irrigated,medium_clay_loam,kharif,105.2,57.8,44.0,7.68,0.5,24.46,16.71,30.74,61.77,469.8,29.3,52.6,442.1,9.3
maize,canal_command,deep_black_vertisol,kharif,89.9,40.6,35.3,7.65,0.64,27.3,21.09,34.86,63.75,549.23,40.2,49.9,537.7,9.3
maize,canal_command,deep_black_vertisol,kharif,81.0,58.2,36.9,7.63,0.44,25.1,19.6,30.29,74.0,582.52,48.4,23.9,547.3,13.8
maize,well_irrigated,deep_black_vertisol,kharif,77.1,38.2,32.7,7.67,0.48,22.0,14.62,30.04,54.96,544.55,40.4,62.5,517.9,8.8
maize,canal_command,deep_black_vertisol,kharif,86.9,57.1,53.8,7.23,0.43,21.09,12.98,26.85,66.77,510.32,35.0,21.7,496.6,14.7
maize,well_irrigated,medium_clay_loam,summer,92.4,51.0,41.1,7.27,0.51,31.93,26.73,39.72,70.24,562.18,39.2,54.3,550.3,12.6
maize,canal_command,deep_black_vertisol,summer,92.7,39.0,46.2,7.76,0.54,21.74,13.36,29.32,71.07,633.24,53.3,60.8,656.3,14.4
maize,well_irrigated,deep_black_vertisol,rabi,87.5,57.2,44.3,7.69,0.46,30.29,21.57,38.39,73.22,475.57,38.7,37.6,427.6,14.9
maize,well_irrigated,medium_clay_loam,rabi,95.6,43.6,42.7,7.25,0.46,22.63,14.37,30.57,50.8,469.19,35.6,38.4,501.0,15.6
maize,canal_command,deep_black_vertisol,summer,101.4,48.2,49.0,7.49,0.58,26.94,18.09,33.48,72.04,605.16,42.0,55.9,529.8,13.1
maize,canal_command,deep_black_vertisol,summer,103.2,43.3,40.7,7.69,0.63,25.49,16.54,32.86,49.82,447.5,33.4,23.2,438.5,13.7
maize,well_irrigated,deep_black_vertisol,summer,99.3,55.9,43.5,7.2,0.63,21.78,14.98,28.69,46.42,413.27,28.4,26.5,402.1,14.1
maize,canal_command,medium_clay_loam,summer,106.0,47.6,37.6,7.78,0.55,25.73,18.06,33.94,74.18,557.34,41.8,31.9,489.5,15.0
maize,canal_command,medium_clay_loam,kharif,118.3,42.1,39.2,7.69,0.62,29.79,23.74,38.11,66.04,647.46,48.4,53.5,696.0,15.5
maize,well_irrigated,medium_clay_loam,kharif,95.6,54.7,52.2,7.76,0.43,28.04,22.08,34.31,50.88,593.94,50.9,35.0,584.1,13.2
maize,well_irrigated,deep_black_vertisol,kharif,114.6,42.2,49.3,7.55,0.57,25.47,16.67,31.19,65.25,544.13,45.0,24.6,593.0,9.4
maize,well_irrigated,medium_clay_loam,summer,86.0,48.5,51.7,7.82,0.6,25.38,19.09,33.41,68.8,573.84,36.0,32.0,607.3,8.3
maize,canal_command,medium_clay_loam,summer,94.0,36.1,47.8,7.94,0.58,26.94,21.02,32.0,65.84,457.76,38.5,35.4,462.0,14.9
maize,well_irrigated,deep_black_vertisol,kharif,90.7,52.8,33.7,7.47,0.42,28.66,20.14,35.94,45.78,454.41,33.6,51.5,514.2,11.5
maize,canal_command,deep_black_vertisol,rabi,87.4,55.5,50.1,7.96,0.65,31.72,25.07,37.72,67.75,474.82,46.2,39.3,516.7,14.5
maize,canal_command,deep_black_vertisol,summer,77.8,37.9,32.7,7.24,0.49,31.93,25.54,39.98,48.97,513.62,35.5,57.9,505.6,9.5
maize,well_irrigated,deep_black_vertisol,rabi,79.8,46.7,44.8,7.24,0.51,23.09,17.97,28.59,49.17,445.72,32.9,33.5,398.5,14.4
maize,canal_command,medium_clay_loam,rabi,97.5,55.7,48.4,7.53,0.59,26.61,17.96,33.96,57.02,615.73,47.4,71.0,569.6,8.4
maize,canal_command,medium_clay_loam,summer,104.2,37.0,46.1,7.75,0.51,30.51,22.14,36.21,72.13,510.22,40.7,53.6,511.0,13.8
maize,well_irrigated,medium_clay_loam,kharif,114.5,44.4,54.9,7.96,0.42,30.75,23.03,37.76,62.48,610.46,40.6,55.7,532.9,15.6
maize,well_irrigated,deep_black_vertisol,rabi,123.5,50.9,47.3,7.37,0.63,28.01,19.56,36.84,48.77,424.15,32.8,46.4,434.8,14.4
maize,canal_command,medium_clay_loam,summer,90.3,41.0,42.2,7.37,0.53,31.48,23.12,40.25,69.19,488.69,32.5,21.1,437.0,14.5
maize,canal_command,deep_black_vertisol,rabi,118.0,44.6,47.8,7.74,0.48,31.02,23.77,37.44,49.93,518.36,41.5,46.6,553.7,13.8
maize,canal_command,deep_black_vertisol,kharif,114.8,45.1,46.6,7.95,0.42,20.13,12.05,27.72,53.79,523.6,38.0,55.9,520.4,8.3
maize,canal_command,medium_clay_loam,rabi,114.6,58.6,52.2,7.8,0.42,24.89,18.25,33.47,46.97,532.81,34.7,49.5,579.5,9.1
maize,canal_command,deep_black_vertisol,rabi,91.5,56.2,32.3,7.23,0.54,20.72,14.15,29.3,52.24,576.49,43.5,61.6,560.8,10.4
maize,canal_command,deep_black_vertisol,summer,114.5,39.8,48.3,7.6,0.59,25.93,20.42,33.21,59.76,529.48,37.4,59.1,522.1,15.0
maize,well_irrigated,medium_clay_loam,kharif,80.8,45.8,35.3,7.43,0.53,22.83,16.84,31.16,61.44,614.19,45.2,54.9,614.8,12.1
maize,well_irrigated,medium_clay_loam,rabi,117.7,49.1,47.7,7.91,0.65,28.77,22.52,34.97,54.27,424.48,33.3,36.7,464.0,8.4
maize,canal_command,medium_clay_loam,kharif,118.6,36.2,34.0,7.42,0.56,24.33,15.96,32.2,48.01,556.14,38.8,29.9,575.6,8.9
maize,canal_command,medium_clay_loam,rabi,111.6,41.8,50.1,7.75,0.54,27.8,19.29,34.34,68.08,439.73,30.8,44.0,432.2,13.6
maize,canal_command,medium_clay_loam,rabi,76.5,46.0,42.8,7.69,0.48,25.13,18.19,32.88,68.21,584.46,40.7,38.1,576.1,10.7
maize,well_irrigated,medium_clay_loam,rabi,108.3,36.9,53.3,7.68,0.63,27.58,20.86,34.85,69.89,481.53,33.6,37.2,547.4,15.7
maize,canal_command,medium_clay_loam,rabi,108.1,45.5,48.3,7.78,0.57,29.56,22.76,35.04,61.77,466.26,34.8,48.8,472.2,11.1
maize,canal_command,deep_black_vertisol,summer,89.6,46.9,40.1,7.95,0.43,28.2,19.8,37.04,50.33,532.83,39.3,42.6,473.0,8.3
maize,canal_command,medium_clay_loam,kharif,76.9,48.5,41.2,7.39,0.57,21.96,15.83,30.09,58.81,648.42,41.2,38.2,730.6,11.1
maize,well_irrigated,medium_clay_loam,rabi,94.1,39.4,48.1,7.77,0.47,21.9,16.59,30.55,51.99,486.04,35.1,35.5,517.3,10.2
maize,well_irrigated,medium_clay_loam,kharif,89.9,41.2,47.8,7.82,0.52,22.56,14.44,30.24,71.29,611.08,44.3,66.7,660.6,9.6
maize,canal_command,deep_black_vertisol,summer,85.0,41.7,41.0,7.56,0.6,24.41,18.76,30.41,51.44,582.92,45.3,56.4,568.3,11.8
maize,well_irrigated,medium_clay_loam,summer,82.2,50.9,51.3,7.28,0.59,28.91,21.58,35.86,54.63,487.87,37.1,30.4,483.0,13.4
maize,well_irrigated,medium_clay_loam,summer,104.0,40.7,32.0,7.7,0.55,28.06,21.22,36.36,72.61,410.0,28.0,17.6,403.2,14.0
maize,well_irrigated,medium_clay_loam,kharif,100.4,35.6,43.5,7.9,0.6,28.41,22.85,36.04,67.99,543.1,37.0,59.5,563.5,15.1
maize,canal_command,medium_clay_loam,kharif,91.8,44.2,49.6,7.64,0.64,24.31,16.0,32.26,71.71,639.2,44.7,30.1,672.6,8.1
maize,canal_command,medium_clay_loam,summer,80.2,48.0,44.4,7.79,0.47,23.52,16.24,32.45,51.52,646.48,47.2,45.1,739.8,13.7
maize,well_irrigated,deep_black_vertisol,kharif,81.9,40.0,38.9,7.32,0.46,20.53,12.1,26.4,69.66,509.58,37.6,23.5,522.4,13.1
maize,canal_command,medium_clay_loam,kharif,104.7,38.3,40.0,7.66,0.55,21.43,16.29,29.62,66.78,420.45,32.5,50.3,389.4,9.0
maize,canal_command,deep_black_vertisol,rabi,78.1,49.6,53.7,7.64,0.52,21.61,13.37,28.1,66.04,449.39,35.2,29.0,419.9,8.3
maize,canal_command,deep_black_vertisol,rabi,76.1,48.7,37.7,7.6,0.55,22.88,15.65,30.91,53.0,495.86,39.5,54.4,446.8,10.1
maize,canal_command,deep_black_vertisol,summer,107.4,55.0,43.8,7.34,0.65,22.19,13.55,28.03,56.21,510.02,41.5,56.6,559.5,15.4
maize,well_irrigated,deep_black_vertisol,summer,94.0,51.7,54.4,7.69,0.59,21.06,13.54,27.87,71.57,497.05,34.3,34.8,467.8,13.4
maize,well_irrigated,deep_black_vertisol,rabi,117.9,49.0,39.6,7.53,0.53,20.89,14.79,29.29,67.31,540.85,37.2,32.8,536.2,11.8
maize,canal_command,deep_black_vertisol,kharif,111.4,44.8,51.2,7.94,0.54,22.58,13.92,28.34,46.45,481.87,37.0,56.0,422.9,13.8
maize,well_irrigated,deep_black_vertisol,kharif,123.3,47.6,31.3,7.38,0.48,24.05,18.88,32.67,60.47,567.73,45.2,25.2,582.5,8.5
maize,well_irrigated,medium_clay_loam,rabi,97.9,58.4,32.4,7.83,0.5,28.34,19.62,35.42,45.68,407.21,27.7,27.2,442.0,10.6
maize,canal_command,deep_black_vertisol,rabi,114.8,48.9,35.4,7.56,0.58,30.06,21.22,37.48,60.81,404.42,34.1,21.2,350.4,8.6
maize,well_irrigated,deep_black_vertisol,rabi,89.0,56.2,31.5,7.96,0.44,29.45,22.39,36.18,53.4,610.34,44.1,73.2,630.7,9.6
maize,well_irrigated,medium_clay_loam,rabi,117.8,47.9,36.0,7.35,0.64,22.43,14.2,28.91,74.57,492.04,43.8,44.8,560.2,10.8
maize,canal_command,deep_black_vertisol,rabi,85.3,58.3,30.2,7.67,0.62,22.24,14.88,27.44,69.44,468.61,35.9,37.4,506.1,15.9
maize,well_irrigated,medium_clay_loam,summer,117.8,39.2,52.5,7.68,0.43,27.6,18.79,32.91,62.47,628.87,48.5,56.9,624.1,8.1
maize,canal_command,deep_black_vertisol,kharif,120.9,44.9,32.8,7.37,0.46,24.27,15.77,31.02,62.02,444.79,34.7,20.7,493.1,11.9
maize,canal_command,medium_clay_loam,rabi,99.0,58.7,44.0,7.73,0.45,21.72,14.86,30.53,55.82,619.37,48.2,55.3,638.1,9.0
maize,well_irrigated,deep_black_vertisol,rabi,101.5,56.2,53.9,7.22,0.5,28.02,20.91,36.79,45.51,509.43,41.1,23.7,502.0,13.4
maize,well_irrigated,deep_black_vertisol,summer,109.0,45.0,32.9,7.78,0.61,28.75,22.83,37.57,45.76,483.17,32.7,21.2,469.5,10.1
maize,canal_command,deep_black_vertisol,rabi,83.8,38.3,37.7,7.5,0.6,22.3,14.39,29.26,74.99,594.15,41.2,47.8,527.2,15.8
maize,well_irrigated,deep_black_vertisol,summer,99.6,58.7,37.2,7.99,0.47,22.5,15.32,30.87,67.49,580.88,42.2,24.3,521.9,10.3
maize,well_irrigated,medium_clay_loam,kharif,91.8,51.9,46.0,7.5,0.42,23.03,15.49,28.32,48.23,561.76,41.7,65.0,636.8,14.0
maize,well_irrigated,medium_clay_loam,kharif,89.6,43.2,39.9,7.35,0.58,23.95,17.65,30.03,58.58,592.99,36.4,61.9,614.6,14.7
maize,canal_command,deep_black_vertisol,summer,81.6,44.8,47.7,7.98,0.46,24.93,19.54,30.89,56.3,535.16,43.0,62.6,506.8,9.8
maize,well_irrigated,deep_black_vertisol,kharif,83.2,43.8,53.7,7.8,0.55,23.02,16.5,28.65,55.6,437.66,30.0,20.3,396.9,14.4
maize,well_irrigated,medium_clay_loam,summer,106.2,42.8,41.0,7.49,0.57,25.64,16.79,32.05,67.21,464.32,27.1,36.1,433.6,12.1
maize,canal_command,medium_clay_loam,kharif,79.6,52.2,43.0,7.37,0.47,20.11,11.19,28.42,56.83,636.52,50.1,63.7,670.9,13.4
maize,canal_command,medium_clay_loam,rabi,103.1,56.2,30.5,7.3,0.48,23.54,17.81,31.03,53.82,439.52,28.7,30.3,471.3,15.2
maize,well_irrigated,deep_black_vertisol,summer,88.0,37.6,42.8,7.26,0.47,25.28,18.38,32.54,66.17,411.81,34.1,18.5,402.3,8.6
maize,canal_command,deep_black_vertisol,kharif,101.9,51.1,54.0,7.92,0.52,31.31,24.58,38.99,52.79,559.16,48.3,30.1,525.8,12.3
maize,well_irrigated,deep_black_vertisol,rabi,92.2,51.7,53.4,7.26,0.54,20.98,14.47,26.68,64.48,589.46,48.0,57.2,580.1,10.0
maize,well_irrigated,deep_black_vertisol,kharif,115.1,53.5,48.4,7.99,0.49,27.74,19.31,35.05,68.69,503.61,39.2,48.1,456.2,12.7
maize,canal_command,deep_black_vertisol,rabi,94.5,57.0,34.0,7.53,0.51,24.27,17.02,33.26,52.68,576.24,44.4,50.0,506.7,14.1
maize,well_irrigated,deep_black_vertisol,kharif,107.7,45.5,53.8,7.92,0.54,27.74,22.51,35.52,66.22,489.8,36.2,45.2,421.2,9.8
maize,canal_command,deep_black_vertisol,rabi,94.4,50.1,35.2,7.53,0.63,26.8,18.19,35.41,73.32,623.85,50.0,71.6,556.0,8.0
maize,canal_command,medium_clay_loam,kharif,88.4,59.5,51.4,7.8,0.43,27.08,19.26,35.5,73.38,628.96,43.9,69.6,709.7,11.2
maize,canal_command,deep_black_vertisol,kharif,124.2,49.2,42.4,7.6,0.58,31.45,24.99,37.15,50.55,405.09,29.1,46.3,431.0,12.4
maize,well_irrigated,medium_clay_loam,kharif,99.6,47.2,45.7,7.29,0.56,25.57,18.0,32.83,54.31,551.94,43.8,35.6,616.4,10.9
maize,canal_command,deep_black_vertisol,summer,103.6,39.9,41.0,7.74,0.49,21.37,13.91,27.26,65.44,609.87,41.6,45.7,599.8,9.0
maize,canal_command,deep_black_vertisol,kharif,96.4,36.9,43.2,7.72,0.48,29.6,21.92,37.21,57.62,640.48,41.1,63.8,553.6,10.2
maize,canal_command,deep_black_vertisol,kharif,96.7,43.5,45.2,7.76,0.47,22.23,13.39,29.58,56.7,600.36,47.9,35.6,547.5,12.2
maize,well_irrigated,medium_clay_loam,rabi,109.0,52.0,38.3,7.91,0.48,24.75,16.82,32.72,70.83,407.26,25.0,17.7,417.8,9.5
maize,well_irrigated,medium_clay_loam,kharif,109.5,51.4,44.7,7.32,0.47,23.12,14.44,31.16,61.59,463.01,39.6,51.8,517.6,8.9
maize,canal_command,deep_black_vertisol,kharif,107.4,45.6,46.8,7.68,0.48,29.75,21.56,38.71,50.25,611.96,46.3,71.3,698.7,15.0
maize,well_irrigated,deep_black_vertisol,summer,85.5,43.1,30.5,7.29,0.48,20.79,13.38,29.78,48.02,605.31,54.4,56.7,631.3,9.0
